Topics,Title,Summary,Wiki_url
Basketball,Basketball,"Basketball is a team sport in which two teams, most commonly of five players each, opposing one another on a rectangular court, compete with the primary objective of shooting a basketball (approximately 9.4 inches (24 cm) in diameter) through the defender's hoop (a basket 18 inches (46 cm) in diameter mounted 10 feet (3.048 m) high to a backboard at each end of the court), while preventing the opposing team from shooting through their own hoop. A field goal is worth two points, unless made from behind the three-point line, when it is worth three. After a foul, timed play stops and the player fouled or designated to shoot a technical foul is given one, two or three one-point free throws. The team with the most points at the end of the game wins, but if regulation play expires with the score tied, an additional period of play (overtime) is mandated.
Players advance the ball by bouncing it while walking or running (dribbling) or by passing it to a teammate, both of which require considerable skill. On offense, players may use a variety of shots – the layup, the jump shot, or a dunk; on defense, they may steal the ball from a dribbler, intercept passes, or block shots; either offense or defense may collect a rebound, that is, a missed shot that bounces from rim or backboard. It is a violation to lift or drag one's pivot foot without dribbling the ball, to carry it, or to hold the ball with both hands then resume dribbling.
The five players on each side fall into five playing positions. The tallest player is usually the center, the second-tallest and strongest is the power forward, a slightly shorter but more agile player is the small forward, and the shortest players or the best ball handlers are the shooting guard and the point guard, who implement the coach's game plan by managing the execution of offensive and defensive plays (player positioning). Informally, players may play three-on-three, two-on-two, and one-on-one.
Invented in 1891 by Canadian-American gym teacher James Naismith in Springfield, Massachusetts, in the United States, basketball has evolved to become one of the world's most popular and widely viewed sports. The National Basketball Association (NBA) is the most significant professional basketball league in the world in terms of popularity, salaries, talent, and level of competition (drawing most of its talent from U.S. college basketball). Outside North America, the top clubs from national leagues qualify to continental championships such as the EuroLeague and the Basketball Champions League Americas. The FIBA Basketball World Cup and Men's Olympic Basketball Tournament are the major international events of the sport and attract top national teams from around the world. Each continent hosts regional competitions for national teams, like EuroBasket and FIBA AmeriCup.
The FIBA Women's Basketball World Cup and women's Olympic basketball tournament feature top national teams from continental championships. The main North American league is the WNBA (NCAA Women's Division I Basketball Championship is also popular), whereas the strongest European clubs participate in the EuroLeague Women.",https://en.wikipedia.org/wiki/Basketball
Basketball,College basketball,"College basketball is basketball that is played by teams of student-athletes at universities and colleges. In the United States, colleges and universities are governed by collegiate athletic bodies, including the National Collegiate Athletic Association (NCAA), the National Association of Intercollegiate Athletics (NAIA), the United States Collegiate Athletic Association (USCAA), the National Junior College Athletic Association (NJCAA), and the National Christian College Athletic Association (NCCAA). Each of these various organizations is subdivided into one to three divisions, based on the number and level of scholarships that may be provided to the athletes. Teams with more talent tend to win over teams with less talent.
Each organization has different conferences to divide the teams into groups. Traditionally, the location of a school has been a significant factor in determining conference affiliation. The bulk of the games on a team's schedule during the season are against fellow conference members. Therefore, geographic proximity of conference members allows local rivalries to develop and minimizes travel costs. Further, televised road games played in the same time zone as that of the visiting team's fans tend to draw larger audiences, which enhances the value of the media rights.
Institutional compatibility is another factor that may lead schools to band together in the same conference. For instance, as of 2024, all full members of the West Coast Conference are Christian colleges and universities located in the Pacific Time Zone. The Ivy League comprises institutions with similar, high academic standards that prefer to schedule nearly all their conference basketball games on Fridays and Saturdays, except during breaks between semesters, to minimize the disruption caused to the studies of the student-athletes.
Since the 1990s, geographic proximity has gradually become a less important factor in determining membership in NCAA Division I conferences. For instance, the Big Ten Conference was originally composed of institutions in the Midwest. It has since expanded to include members in New Jersey, Maryland and Pennsylvania. On July 1, 2024, the Big Ten admitted four new members, all of which are located in the Pacific Time Zone. The Atlantic Coast Conference (ACC) had a footprint that extended from Maryland to Florida, with all members located in states on the Atlantic Coast in the 1990s. It has since expanded to include members in Massachusetts, New York, Pennsylvania, Kentucky and Indiana. In July and August 2024, the ACC admitted two new members located in California and one new member located in Texas.
The shifts in conference membership are primarily driven by schools seeking lucrative media rights deals and appropriately competitive playing partners for their football programs. In most cases, schools house as many of their sports in the same primary conference as possible. So, the football-driven changes in affiliation lead to changes in the composition of basketball conferences. When a conference loses a member to another conference, it will often try to recruit a replacement from a third conference. This triggers a domino effect, and smaller, less stable conferences struggle to remain large enough to compete at the same level as they had in the past. The smallest Division I conferences sometimes recruit Division II teams and help those institutions transition to Division I, in order to replace teams they have lost. Sometimes, this is done pre-emptively to make the conference larger and protect it against the possible loss of some of its teams.
Teams are not required to join conferences and may play as independents instead. Chicago State is the most recent independent basketball team in Division I of the NCAA, having competed as an independent for two seasons before joining the Northeast Conference in 2024. Finding opponents can be problematic for an independent team, particularly during the latter part of the season, when most other teams are regularly playing conference opponents. In addition, each conference gets an automatic bid to the NCAA tournament. Independent teams do not have access to such a pathway and must be selected at-large in order to participate in the tournament. Chicago State joined the Northeast Conference on July 1, 2024, leaving no independent teams in NCAA Division I.
Most games between conference opponents take place in the latter part of the season. While there are various rankings of teams throughout the entire NCAA, there are also conference standings based on the results of games against conference opponents. Once the conference schedule is complete, the conference stages a tournament that includes some or all of its teams. The regular-season conference standings are generally used to determine qualification for and seeding in the conference tournament. The Western Athletic Conference is an exception. It uses the regular-season conference standings to determine qualification for its tournament, but seeding is based on a formulaic ranking of the strength of the qualifiers, including their performances against non-conference opponents. In most cases, the winner of the conference tournament receives an automatic bid to the NCAA tournament. However, teams that are in transition from Division II are not eligible for the NCAA tournament. Therefore, if such a team wins a conference tournament, the conference will use an alternate method to select the team to receive its automatic bid. Some conferences allow transitioning teams to participate in their conference tournaments; others do not allow this. The Western Athletic Conference (WAC) is an exception. It uses regular-season standings to determine qualification but bases seeding on a formulaic ranking that includes the teams' performances against non-conference opponents. In most cases, the winner of the conference tournament earns an automatic bid to the NCAA tournament. However, teams transitioning from Division II are not eligible for the NCAA tournament. If such a team wins its conference tournament, the conference will use an alternative method to select which team will receive the automatic bid. Some conferences permit transitioning teams to participate in their tournaments, while others do not.",https://en.wikipedia.org/wiki/College_basketball
Basketball,National Basketball Association,"The National Basketball Association (NBA) is a professional basketball league in North America composed of 30 teams (29 in the United States and 1 in Canada). The NBA is one of the major professional sports leagues in the United States and Canada and is considered the premier professional basketball league in the world. The league is headquartered in Midtown Manhattan.
The NBA was created on August 3, 1949, with the merger of the Basketball Association of America (BAA) and the National Basketball League (NBL). The league later adopted the BAA's history and considers its founding on June 6, 1946, as its own. In 1976, the NBA and the American Basketball Association (ABA) merged, adding four franchises to the NBA. The NBA's regular season runs from October to April, with each team playing 82 games. The league's playoff tournament extends into June, culminating with the NBA Finals championship series.
The NBA is an active member of USA Basketball (USAB), which is recognized by the International Basketball Federation (FIBA) as the governing body for basketball in the United States. The NBA is the second-wealthiest professional sports league in the world by revenue after the National Football League (NFL). As of 2020, NBA players are the world's highest paid athletes by average annual salary per player.
The Boston Celtics have the most NBA championships with 18 and are the reigning league champions, having defeated the Dallas Mavericks in the 2024 NBA Finals.",https://en.wikipedia.org/wiki/National_Basketball_Association
Basketball,History of basketball,"Basketball began with its invention in 1891 in Springfield, Massachusetts, by Canadian physical education instructor James Naismith as a less injury-prone sport than football. Naismith was a 31-year-old graduate student when he created the indoor sport to keep athletes indoors during the winters. The game became established fairly quickly and grew very popular as the 20th century progressed, first in America and then in other parts of the world. After basketball became established in American colleges, the professional game followed. The American National Basketball Association (NBA), established in 1946, grew to a multibillion-dollar enterprise by the end of the century, and basketball became an integral part of American culture.",https://en.wikipedia.org/wiki/History_of_basketball
Basketball,Basketball positions,"In basketball, there are five players on the court per team, each assigned to different positions. From a strategic point of view, these players have been assigned to positions defined by the role they play. Players are split into three main categories: guard, forward, and center, with the standard team featuring two guards, two forwards, and a center. Over time, as more specialized roles developed, each of the guards and forwards came to be differentiated. Today, each of the five positions is known by a unique name and number: point guard (PG) or 1, the shooting guard (SG) or 2, the small forward (SF) or 3, the power forward (PF) or 4, and the center (C) or 5 ""post position"".",https://en.wikipedia.org/wiki/Basketball_positions
Basketball,The Basketball Diaries (film),"The Basketball Diaries is a 1995 American biographical crime drama film. The movie deals with drug addiction and its unfavorable outcome in lives of common people. Directed by Scott Kalvert in his feature directorial debut and based on an autobiographical novel by the same name written by Jim Carroll. It tells the story of Carroll's teenage years as a promising high school basketball player and writer who develops an addiction to heroin. Distributed by New Line Cinema, The Basketball Diaries stars Leonardo DiCaprio as Carroll, along with Bruno Kirby, Lorraine Bracco, Ernie Hudson, Patrick McGaw, James Madio, Michael Imperioli, and Mark Wahlberg in supporting roles.
The Basketball Diaries premiered at the Sundance Film Festival on January 27, 1995. The film was widely released in theaters on April 21, 1995, to mixed reviews and grossed $2.4 million at the box office.",https://en.wikipedia.org/wiki/The_Basketball_Diaries_(film)
Basketball,Small forward,"The small forward (SF), also known as the three, is one of the five positions in a regulation basketball game. Small forwards are typically shorter, quicker, and leaner than power forwards and centers but taller, larger, and stronger than either of the guard positions. They are strategic and are often relied upon to score, defend, create open lanes, and rebound for their team.
The small forward is considered to be perhaps the most versatile of the five main basketball positions as they contribute offensively and defensively. In the NBA, small forwards typically range from 6' 6"" (1.98 m) to 6' 9"" (2.06 m); in the WNBA, they are usually between 6' 0"" (1.83 m) to 6' 2"" (1.88 m). This puts them at the average height of all professional basketball players because they are taller than the guards, but shorter than the power forward and center. 
Small forwards are responsible for scoring points and defending, and often are secondary or tertiary rebounders behind the power forward and center. In professional basketball, some have considerable passing responsibilities, and many are prolific scorers. 
The styles with which small forwards score vary widely. Some are very accurate shooters, such as Kevin Durant, and some prefer to initiate physical contact with opposing players, such as LeBron James. Other small forwards are often primarily slashers who also possess jump shots. In some cases, small forwards position on the baseline; in other cases, they operate as off-ball specialists. The defensive specialists among them are notably versatile, often being able to guard multiple positions using their size, speed, and strength. Having adequate footwork and a solid defensive stance contributes to why small forwards are successful. When it comes to statistics, small forwards must be all over the map and at least have stats in most categories.
There are many excellent small forwards that are well known for their contributions and versatility. Top small forwards in the history of the WNBA include: Maya Moore, Angel McCoughtry, Tamika Catchings, Elena Delle Donne, and DeWanna Bonner. Small forwards inducted in the Naismith Memorial Basketball Hall of Fame include Julius Erving, Larry Bird, James Worthy, Elgin Baylor, Paul Pierce, Vince Carter, John Havlicek, Scottie Pippen, Alex English, Bernard King, Chris Mullin, Dominique Wilkins, Rick Barry, Grant Hill, Tamika Catchings, Cheryl Miller, and Sheryl Swoopes.

",https://en.wikipedia.org/wiki/Small_forward
Basketball,Basketball Wives,"Basketball Wives is an American reality television series broadcast on VH1. It has aired eleven seasons, and follows the everyday lives of women romantically linked to players in the professional basketball industry. The first five seasons were filmed in Miami, Florida, and aired from April 11, 2010 until October 21, 2013. The spin-off series, Basketball Wives LA, also aired five seasons from August 29, 2011 until October 23, 2016. The original Basketball Wives was rebooted and relocated to Los Angeles, California beginning with the sixth season, which premiered on April 17, 2017. Some Basketball Wives LA cast members were combined into the original series, and subsequent seasons are considered continuous with the original series by the network.
Basketball Wives cast members that have appeared on both runs include Shaunie Henderson, Evelyn Lozada, Tami Roman, and Jennifer Williams. Basketball Wives LA cast members that were combined into the second run include Jackie Christie, Malaysia Pargo, Brooke Bailey, Brandi Maxiell, Brittish Williams, Angel Brinks, and LaTosha Duffey. The cast of the upcoming twelfth season features Christie, Henderson, Lozada, Maxiell, Williams, Brittany Renner, Ming Lee, and Ty Young.
The success of Basketball Wives has led to the spin-offs Football Wives, Baseball Wives, Shaunie's Homecourt, Baller Wives and Basketball Wives Orlando.",https://en.wikipedia.org/wiki/Basketball_Wives
Basketball,Anthony Edwards (basketball),"Anthony Edwards (born August 5, 2001), nicknamed ""Ant-Man"" or simply ""Ant"", is an American professional basketball player for the Minnesota Timberwolves of the National Basketball Association (NBA). A shooting guard, Edwards played college basketball for the Georgia Bulldogs and was selected with the first overall pick by the Timberwolves in the 2020 NBA draft. He is a three-time NBA All-Star and won a gold medal on the 2024 U.S. Olympic team.
Edwards finished his high school career at Holy Spirit Preparatory School in his hometown of Atlanta, Georgia, where he was rated a consensus five-star recruit and one of the best players in the 2019 class by major recruiting services. As a senior, he earned McDonald's All-American and USA Today All-USA first team honors. He committed to play college basketball for Georgia, becoming the highest-rated recruit to do so, and was named SEC Freshman of the Year after his freshman season with the team.",https://en.wikipedia.org/wiki/Anthony_Edwards_(basketball)
Basketball,Craig Robinson (basketball),"Craig Malcolm Robinson (born April 21, 1962) is an American college basketball coach, basketball executive, and broadcaster. He is a former head men's basketball coach at Oregon State University and Brown University. He was a star forward as a player at Princeton University in the early 1980s and a bond trader during the 1990s. He currently is the executive director of the National Association of Basketball Coaches. He is the brother of former First Lady Michelle Obama and brother-in-law of 44th President of the United States Barack Obama.",https://en.wikipedia.org/wiki/Craig_Robinson_(basketball)
Basketball,Love & Basketball,"Love & Basketball is a 2000 American romantic sports drama film written and directed by Gina Prince-Bythewood in her feature film directorial debut. The film is produced by Spike Lee and Sam Kit and stars Sanaa Lathan and Omar Epps. It tells the story of Quincy McCall (Epps) and Monica Wright (Lathan), two next-door neighbors in Los Angeles, who are pursuing their respective basketball careers before eventually falling for each other.
Love & Basketball was released on April 21, 2000 in the United States. It received positive reviews from critics, with praise directed at the performances of Lathan and Epps, Prince-Bythewood's direction and script, and the emotional weight of the film. It grossed $27.7 million worldwide on a production budget of $14–20 million.
Over the years, the film has developed a dedicated following, cementing its place in popular culture, and establishing itself as a cult classic.
In 2023, the film was selected for preservation in the United States National Film Registry by the Library of Congress as being ""culturally, historically or aesthetically significant.""

",https://en.wikipedia.org/wiki/Love_&_Basketball
Basketball,1992 United States men's Olympic basketball team,"The men's national basketball team of the United States competed at the 1992 Summer Olympics in Barcelona, Spain, and won the gold medal. Nicknamed the ""Dream Team"", it was the first American Olympic team to include active professional players from the National Basketball Association (NBA). Team USA defeated its opponents by an average of 44 points en route to winning the gold medal round against Croatia. The team has often been described as the greatest sports team ever assembled.
The team was collectively inducted into the U.S. Olympic Hall of Fame in 2009, the Naismith Memorial Basketball Hall of Fame in 2010, and the FIBA Hall of Fame in 2017. The Naismith Hall of Fame calls the team ""the greatest collection of basketball talent on the planet"".  In addition to the team induction, 11 players and three coaches have been inducted individually into the Naismith Hall of Fame.

",https://en.wikipedia.org/wiki/1992_United_States_men's_Olympic_basketball_team
Basketball,Naismith Memorial Basketball Hall of Fame,"The Naismith Memorial Basketball Hall of Fame  is an American history museum and hall of fame, located at 1000 Hall of Fame Avenue in Springfield, Massachusetts. It serves as basketball's most complete library, in addition to promoting and preserving the history of basketball. Dedicated to Canadian-American physician James Naismith, who invented the sport in Springfield, the Hall of Fame inducted its first class in 1959, before opening its first facility on February 17, 1968.
As of 2024, the Hall has formally inducted 436 players, coaches, referees, and other basketball professionals. The Boston Celtics have the most inductees, with 40.

",https://en.wikipedia.org/wiki/Naismith_Memorial_Basketball_Hall_of_Fame
Basketball,Kuroko's Basketball,"Kuroko's Basketball (Japanese: 黒子のバスケ, Hepburn: Kuroko no Basuke) is a Japanese sports manga series written and illustrated by Tadatoshi Fujimaki. It was serialized in Shueisha's shōnen manga magazine Weekly Shōnen Jump from December 2008 to September 2014, with its chapters collected in 30 tankōbon volumes. It tells the story of a high school basketball team trying to make it to the national tournament.
An anime television series adaptation by Production I.G aired for three seasons from April 2012 to June 2015. A sequel manga, Kuroko's Basketball: Extra Game, was serialized in Jump Next! from December 2014 to March 2016. An anime film adaptation of the Kuroko's Basketball: Extra Game manga premiered in March 2017. A stage play adaptation opened in April 2016 followed by more stage adaptations.
The manga has been licensed for English-language release by Viz Media in North America. By November 2020, Kuroko's Basketball had over 31 million copies in circulation, making it one of the best-selling manga series.

",https://en.wikipedia.org/wiki/Kuroko's_Basketball
Basketball,FIBA,"The International Basketball Federation (FIBA  FEE-bə; French: Fédération Internationale de Basketball) is an association of national organizations which governs the sport of basketball worldwide. FIBA defines the rules of basketball, specifies the equipment and facilities required, organizes international competitions, regulates the transfer of athletes across countries, and controls the appointment of international referees. A total of 212 national federations are  members, organized since 1989 into five zones: Africa, Americas, Asia, Europe, and Oceania.
FIBA organizes both the men's and women's FIBA World Olympic Qualifying Tournament and the Summer Olympics Basketball Tournament, which are sanctioned by the IOC. The FIBA Basketball World Cup is a world tournament for men's national teams held every four years. Teams compete for the Naismith Trophy, named in honor of basketball's Canadian-American creator James Naismith. The tournament structure is similar but not identical to that of the FIFA World Cup in association football; these tournaments occurred in the same year from 1970 through 2014, but starting in 2019, the Basketball World Cup moved to the year following the FIFA World Cup. A parallel event for women's teams, the FIBA Women's Basketball World Cup, is also held quadrennial; from 1986 through 2014, it was held in the same year as the men's event but in a different country.

",https://en.wikipedia.org/wiki/FIBA
Basketball,Women's basketball,"Women's basketball is the team sport of basketball played by women. It was first played in 1892, one year after men's basketball, at Smith College in Massachusetts. It spread across the United States, in large parts via women's college competitions, and has since spread globally. As of 2020, basketball is one of the most popular and fastest growing sports in the world.
There are multiple professional leagues and tournaments for professional women basketball players. The main North American league is the WNBA. The FIBA Women's Basketball World Cup and Women's Olympic Basketball Tournament feature top national teams from continental championships. In the US, the NCAA Women's Division I Basketball Championship is also popular. The strongest European women's basketball clubs participate in the EuroLeague Women.

",https://en.wikipedia.org/wiki/Women's_basketball
Basketball,UConn Huskies women's basketball,"The UConn Huskies women's basketball team is the college basketball program representing the University of Connecticut in Storrs, Connecticut, in the NCAA Division I women's basketball competition. They currently play in the Big East Conference.
The UConn Huskies are the most successful women's basketball program in the nation, having won a record 12 NCAA Division I National Championships and a women's record four in a row, from 2013 through 2016, plus over 50 conference regular season and tournament championships. They have taken part in every NCAA tournament since 1989; as of the end of the 2018–19 season, this is the third-longest active streak in Division I. From 2008 to 2022, they appeared in a record 14 consecutive Final Fours.
UConn owns the two longest winning streaks (men's or women's) in college basketball history. The longest streak, 111 straight wins, started with a win against Creighton University on November 23, 2014, and ended on March 31, 2017, when a buzzer-beater at the end of overtime caused a 66–64 loss in the 2017 NCAA Final Four to Mississippi State. The second streak counts 90 consecutive wins, including two undefeated seasons (2008–09 and 2009–10), and was delimited by two losses against Stanford, the first on April 6, 2008, in the National Semifinals of the NCAA Tournament, and the second – three seasons later – on December 19, 2010. The Huskies also own the longest winning streak in regular-season games in college history; after an overtime loss to Stanford on November 17, 2014, they won their next 126 regular-season games until a 68–57 loss to Baylor on January 3, 2019.
UConn's current head coach is Luigi ""Geno"" Auriemma, who joined the team in 1985. Auriemma is the most successful coach in college basketball. His 1250 wins are the most by any NCAA coach in any sport, and his 1250–165 (.883) record as of April 2025 represents the highest winning percentage among NCAA basketball coaches (minimum 10 seasons), any level, men's or women's.
UConn has also been one of the leaders in women's basketball attendance; the team plays its home games at both Harry A. Gampel Pavilion in Storrs and the XL Center in Hartford.",https://en.wikipedia.org/wiki/UConn_Huskies_women's_basketball
Basketball,List of NCAA Division I men's basketball champions,"The National Collegiate Athletic Association (NCAA) Division I men's basketball tournament is a single-elimination tournament for men's college basketball teams in the United States. It determines the champion of Division I, the top level of play in the NCAA, and the media often describes the winner as the national champion of college basketball. The NCAA Tournament has been held annually since 1939, except for 2020, when it was cancelled because of the COVID-19 pandemic in the U.S. Its field grew from eight teams in the beginning to sixty-five teams by 2001; as of 2011, sixty-eight teams take part in the tournament. Teams can gain invitations by winning a conference championship or receiving an at-large bid from a 10-person committee. The semifinals of the tournament are known as the Final Four and are held in a different city each year, along with the championship game; Indianapolis, the city where the NCAA is based, will host the Final Four every five years until 2040. Each winning university receives a rectangular, gold-plated trophy made of wood.
The first NCAA tournament was organized by the National Association of Basketball Coaches. Oregon won the inaugural tournament, defeating Ohio State 46–33 in the first championship game. Before the 1941 tournament, control of the event was given to the NCAA. In the early years of the tournament, it was considered less important than the National Invitation Tournament (NIT), a New York City-based event. Teams were able to compete in both events in the same year, and three of those that did so—Utah in 1944, Kentucky in 1949, and City College of New York (CCNY) in 1950—won the NCAA Tournament. The 1949–50 CCNY team won both tournaments (defeating Bradley in both finals), and is the only college basketball team to accomplish this feat. By the mid-1950s, the NCAA Tournament became the more prestigious of the two events, and in 1971 the NCAA barred universities from playing in other tournaments, such as the NIT, if they were invited to the NCAA Tournament. Only twice has there been no national champion in a calendar year. The first occurrence was when the 2013 championship won by Louisville became the first men's basketball national title to ever be vacated by the NCAA after the school and its coach at the time, Rick Pitino, were implicated in a 2015 sex scandal involving recruits. A situation in which no official winner was declared did not happen again until the 2020 cancellation.
The University of California, Los Angeles (UCLA) has been the most successful college in the NCAA Tournament, winning 11 national titles. Ten of those championships came during a 12-year stretch from 1964 to 1975. UCLA also holds the record for the most consecutive championships, winning seven in a row from 1967 to 1973. Kentucky has the second-most titles, with eight. North Carolina and Connecticut are tied for third with six championships each, while Duke and Indiana follow with five each. Connecticut is the most recent champion, with consecutive wins against San Diego State in the final of the 2023 tournament and Purdue in 2024. Among head coaches, John Wooden is the all-time leader with 10 championships; he coached UCLA during their period of success in the 1960s and 1970s. Duke's Mike Krzyzewski is second all-time with five titles.

",https://en.wikipedia.org/wiki/List_of_NCAA_Division_I_men's_basketball_champions
Basketball,FIBA Basketball World Cup,"The FIBA Basketball World Cup is an international basketball competition between the senior men's national teams of the members of the International Basketball Federation (FIBA), the sport's global governing body. It takes place every four years and is considered the flagship event of FIBA. 
From its inception in 1950 until 2010, the tournament was known as the FIBA World Championship. 
The tournament structure is similar, but not identical, to that of the FIFA World Cup; the current format of the tournament involves 32 teams competing for the title at venues within the host nation.  The FIBA Basketball World Cup and the FIFA World Cup were played in the same year as each other from 1970 through 2014. A parallel event for women's teams, now known as the FIBA Women's Basketball World Cup, is also held quadrennially. From 1986 through 2014, the men's and women's championships were held in the same year, though in different countries.  Following the 2014 FIBA championships for men and women, the men's World Cup was scheduled on a new four-year cycle to avoid conflict with the FIFA World Cup. The men's World Cup was held in 2019, in the year following the FIFA World Cup. The women's championship, which was renamed from ""FIBA World Championship for Women"" to ""FIBA Women's Basketball World Cup"" after its 2014 edition, will remain on the previous four-year cycle, with championships in the same year as the FIFA World Cup.
The winning team receives the Naismith Trophy, first awarded in 1967. The current champion is Germany, which defeated Serbia in the final of the 2023 tournament.
The 1994 FIBA World Championship, which was held in Canada, was the first FIBA World Cup tournament in which currently active US NBA players that had already played in an official NBA regular season game were allowed to participate. All FIBA World Championship/World Cup tournaments since then are thus considered fully professional level tournaments.",https://en.wikipedia.org/wiki/FIBA_Basketball_World_Cup
Basketball,National Basketball League,"National Basketball League may refer to:

Indian National Basketball League
Malaysia National Basketball League
National Basketball League (1898–1904), U.S., first professional men's basketball league in the world
National Basketball League (United States), 1937–49
National Basketball League (Australia)
National Basketball League (Bulgaria)
National Basketball League (Canada), 1993–94
National Basketball League of Canada
National Basketball League (China), professional men's basketball minor league in China
National Basketball League (Czech Republic)
National Basketball League (England)
National Basketball League (Indonesia)
National Basketball League (Japan)
National Basketball League (Kazakhstan)
National Basketball League (Lithuania), semi-professional men's basketball league
National Basketball League (New Zealand), semi-professional men's basketball league
National Basketball League (Philippines), professional men's basketball league
National Basketball League (Rwanda)
National Basketball League (Singapore)
National Basketball League (Uganda)
UAE National Basketball League, United Arab Emirates",https://en.wikipedia.org/wiki/National_Basketball_League
Basketball,Rules of basketball,"The rules of basketball are the rules and regulations that govern the play, officiating, equipment and procedures of basketball. While many of the basic rules are uniform throughout the world, variations do exist. Most leagues or governing bodies in North America, the most important of which are the National Basketball Association and NCAA, formulate their own rules. In addition, the Technical Commission of the International Basketball Federation (FIBA) determines rules for international play; most leagues outside North America use the complete FIBA ruleset.",https://en.wikipedia.org/wiki/Rules_of_basketball
Basketball,List of nicknames in basketball,"This is a list of nicknames in the sport of basketball. Most are related to professional basketball, although a few notable nicknames from the U.S. college game are included. 

",https://en.wikipedia.org/wiki/List_of_nicknames_in_basketball
Basketball,American Basketball Association,"The American Basketball Association (ABA) was a major professional basketball league that operated for nine seasons from 1967 to 1976. The upstart ABA operated in direct competition with the more established National Basketball Association throughout its existence; the second of two leagues established in the 1960s after the American Basketball League, the ABA was the most successful rival to the NBA. 
The league started with eleven teams; the Indiana Pacers, Kentucky Colonels, Minnesota Muskies, New Jersey Americans, and Pittsburgh Pipers were placed in the Eastern Division and the Anaheim Amigos, Dallas Chaparrals, Denver Rockets, Houston Mavericks, New Orleans Buccaneers, and Oakland Oaks in the Western Division. George Mikan served as the first league commissioner and came up with the idea for the three-point shot to go along with a 30-second shot-clock; echoing the NHL, the league named a Most Valuable Player for the entire postseason rather than for just the Finals. Select investors believed they could play their way into getting an NBA franchise by way of a merger, while Mikan did not initially want to get into a bidding war with the NBA for select players. 
While the first years of the ABA saw uneven team management (the first two champions immediately relocated after winning the championship), the offense-oriented league managed to attract select talent from players that were either ignored by the NBA, due to perceived talent issues, or because they were not eligible to play in the league. Stars that arose from these circumstances included Connie Hawkins, Roger Brown, and Doug Moe, who each had been blackballed from the NBA due to unfounded allegations of point-shaving, Spencer Haywood, who entered the league as a ""hardship exemption"" after wanting to turn pro following his sophomore season in college, and Larry Brown, who was thought to be too small to play in the NBA.
The league never had a consistent national television contract, but attracted loyal followings in select cities, most notably in Indianapolis, Denver, San Antonio, Uniondale, and Kentucky. The Pacers would win the most championships in league history, winning three with stars such as Mel Daniels, the first player with multiple MVP awards.
The ABA and NBA engaged in talks for a merger as early as 1970, but an antitrust lawsuit filed by the NBA Players Association curtailed the plans for several years. The league went after select NBA stars such as Rick Barry and Billy Cunningham to go along with luring players with a select payment plan by annuity to go along with luring respected NBA referees to the league. In the later years of the league, other stars would arise such as Dan Issel, Artis Gilmore, George Gervin, and Julius Erving. By 1976, the league was down to nine teams, with only six surviving long enough to be involved in merger talks. The ABA merged with the NBA in 1976, resulting in four teams (Pacers, Nuggets, Spurs, and Nets) joining the NBA. The final game was played on May 13, 1976, as the New York Nets defeated the Denver Nuggets for the final ABA championship. In 1979, adopting the practice of the ABA, the NBA introduced the 3-point shot.",https://en.wikipedia.org/wiki/American_Basketball_Association
Basketball,List of basketball leagues,This is a list of current and defunct basketball leagues around the world.,https://en.wikipedia.org/wiki/List_of_basketball_leagues
Basketball,Duke Blue Devils men's basketball,"The Duke Blue Devils men's basketball team represents Duke University in NCAA Division I college basketball and competes in the Atlantic Coast Conference (ACC). The team is fourth all-time in wins of any NCAA men's basketball program, and is currently coached by Jon Scheyer.
Duke has won 5 National Championships (tied with Indiana for fifth all-time behind UCLA, Kentucky, North Carolina, UConn), and appeared in 11 Championship Games (third all-time) and 18 Final Fours (third all-time). Duke has an NCAA-best .755 NCAA tournament winning percentage. Eleven Duke players have been named the National Player of the Year, and 71 players have been selected in the NBA draft.  Additionally, Duke has had 36 players named All-Americans (60 total selections) and 14 players named Academic All-Americans. Duke has been the Atlantic Coast Conference Champions a record 23 times, and also lays claim to 21 ACC regular season titles. Prior to joining the ACC, Duke won the Southern Conference championships five times. Duke has also finished the season ranked No. 1 in the AP poll eight times and is the all-time leader in total weeks ranked as the number one team in the nation by the AP with 145 weeks. Additionally, the Blue Devils have the third longest streak in the AP Top 25 in history with 200 consecutive appearances from 1996 to 2007, trailing only Kansas' 231 consecutive polls from 2009 to 2021, and UCLA's 221 consecutive polls from 1966 to 1980.",https://en.wikipedia.org/wiki/Duke_Blue_Devils_men's_basketball
Basketball,List of All-Atlantic Coast Conference men's basketball teams,"The All-Atlantic Coast Conference (ACC) men's basketball team is an annual Atlantic Coast Conference honor bestowed on the best players in the conference following every college basketball season. The selections started in the ACC inaugural season in 1953–54. At the end of the season, ten players were nominated in two teams (first and second team) as the best of the season. Since the 1989–90 season, three teams were nominated, for a total of 15 players. On some occasions (for example, 1997, 2000 and 2006), six players were selected for one of the teams, bringing the number of total selections to 16.
Players are listed by number of votes, with the player who received the most votes listed first.",https://en.wikipedia.org/wiki/List_of_All-Atlantic_Coast_Conference_men's_basketball_teams
Basketball,Basketball court,"In basketball, the basketball court is the playing surface, consisting of a rectangular floor, with baskets at each end. Indoor basketball courts are almost always made of polished wood, usually maple, with 10 feet (3.048 m)-high rims on each basket. Outdoor surfaces are generally made from standard paving materials such as concrete or asphalt. International competitions may use glass basketball courts.

",https://en.wikipedia.org/wiki/Basketball_court
Basketball,Poland women's national basketball team,The Poland women's national basketball team represents Poland in international women's basketball competitions. It is administered by the Polski Związek Koszykówki (PZKosz.).,https://en.wikipedia.org/wiki/Poland_women's_national_basketball_team
Basketball,Basketball at the SEA Games,"The Philippines have dominated the men's events since the sport was played, winning 19 of the 22 events. Malaysia won 13 of the 21 women's events.
Starting in 2019, the 3x3 version of the game was played, in addition to the usual 5-on-5 full strength teams.",https://en.wikipedia.org/wiki/Basketball_at_the_SEA_Games
Basketball,Greek Basketball League,"The Greek Basketball League (abbreviated as GBL), and also known as the Stoiximan Greek Basketball League (GBL) for sponsorship reasons, is the first tier level professional basketball league in Greece. It is run by the Hellenic Basketball Association (abbreviated as HEBA; Greek: ΕΣΑΚΕ), under the legal authority of the Hellenic Basketball Federation (abbreviated as HBF; Greek: Ε.Ο.Κ.). Over the years, the league has previously been known by several different names, which have included: the Panhellenic Basketball Championship or Greek Basketball Championship, the Panhellenic Basketball First Category Championship (1st) (A) or Greek Basketball First Category Championship (1st) (A), the Greek Alpha National Basketball Category Championship (A), the Greek Alpha1 National Basketball Category Championship (A1), the HEBA Alpha1 (A1), and most recently, the Greek Basket League. The league's current official main sponsor is Stoiximan.
The GBL is the highest-tier level of the Greek league system. The GBL plays under FIBA rules and currently consists of 12 teams, with each season's lowest-placed team being relegated to the A2 Basketball League, and then being replaced by the winner of the playoffs of that tier. The league runs from October to June, with teams playing 22 games each during the regular season, and the top 8 placed teams in the regular season standings then competing in the league's playoffs. The first official Greek Basketball Championship was held in the 1927–28 season. The league held a competition in which the teams of the league played under a format with a nationwide schedule, for the first time, in the 1963–64 season. The league first held a playoff round in the 1986–87 season. The league first allowed foreign (non-Greek) players, in the 1988–89 season. The league first became a fully professional competition in the 1992–93 season, and that was also when its competition status was officially changed from the amateur category, to the professional category.
Historically, the GBL has been ranked as one of the top 3 level national domestic leagues in European basketball, since the league rankings began. For further information, see historical European national basketball league rankings, and European national basketball league rankings.",https://en.wikipedia.org/wiki/Greek_Basketball_League
Basketball,Basketball (ball),"A basketball is a spherical ball used in basketball games. Basketballs usually range in size from very small promotional items that are only a few inches (some centimeters) in diameter to extra large balls nearly 2 feet (60 cm) in diameter used in training exercises. For example, a youth basketball could be 27 inches (69 cm) in circumference, while a National Collegiate Athletic Association (NCAA) men's ball would be a maximum of 30 inches (76 cm) and an NCAA women's ball would be a maximum of 29 inches (74 cm). The standard for a basketball in the National Basketball Association (NBA) is 29.5 inches (75 cm) in circumference and for the Women's National Basketball Association (WNBA), a maximum circumference of 28.5 inches (72 cm). High school and junior leagues normally use NCAA, NBA or WNBA sized balls.
Aside from the court and the baskets, the basketball is the only piece of equipment necessary to play the game of basketball. During the game, the ball must be bounced continuously (dribbling), thrown through the air to other players (passing) or thrown towards the basket (shooting). Therefore, the ball must be very durable and easy to hold on to. The ball is also used to perform tricks (sometimes called freestyling), the most common of which are spinning the ball on the tip of one's index finger, dribbling in complex patterns, rolling the ball over one's shoulder, or performing aerobatic maneuvers with the ball while executing a slam dunk, most notably in the context of a slam dunk contest.",https://en.wikipedia.org/wiki/Basketball_(ball)
Basketball,Basketball at the Asian Games,"Basketball is the regular Asian Games sport since the first edition in Delhi 1951. The Asian Games tournaments were the de facto Asian championships until the Asian Basketball Confederation Championship was founded in 1960.

",https://en.wikipedia.org/wiki/Basketball_at_the_Asian_Games
Basketball,U.S. Basketball Writers Association,The United States Basketball Writers Association (USBWA) was founded in 1956 with the urging of National Collegiate Athletic Association director Walter Byers to serve the interests of journalists who cover college basketball.,https://en.wikipedia.org/wiki/U.S._Basketball_Writers_Association
Basketball,American Basketball Association (2000–present),"The American Basketball Association (ABA) is an American semi-professional men's basketball minor league that was founded in 1999.
ABA teams are based in the United States, with one traveling team from Japan. The league previously had international teams based in Canada, China and Mexico. League management infamously maintains low requirements for franchise ownership, and hundreds of ABA teams have either folded or defected to rival leagues.
The league licenses its name and use of ABA trademarks from the National Basketball Association, which absorbed the American Basketball Association (1967–1976) during the ABA–NBA merger. The Women's American Basketball Association has operated as a sister league to the ABA since 2017.

",https://en.wikipedia.org/wiki/American_Basketball_Association_(2000–present)
Basketball,Advanced statistics in basketball,"Advanced statistics, also known as analytics or APBRmetrics, in basketball refers to the analysis of basketball statistics using objective evidence. APBRmetrics takes its name from the acronym APBR, which stands for the Association for Professional Basketball Research. According to The Sporting News, the APBRmetrics message board was ""the birthplace of basketball analytics"".
Advanced basketball statistics include effective field goal percentage (eFG%), true shooting percentage (TS%), on-court/off-court plus–minus, adjusted plus-minus (APM), real plus/minus (RPM), player efficiency rating (PER), offense efficiency rating, offensive rating, defensive rating, similarity score, tendex, and player tracking. A more complete explanation of basketball analytics is available in ""A Starting Point for Analyzing Basketball Statistics"" in the Journal of Quantitative Analysis in Sports.",https://en.wikipedia.org/wiki/Advanced_statistics_in_basketball
Basketball,Spain men's national under-20 basketball team,"The Spain men's national under-20 basketball team is the representative for Spain in international basketball competitions, and it is organized and run by the Spanish Basketball Federation. The U20 team represents Spain at the FIBA U20 EuroBasket. Between 1993 and 2001, the U21 team represented Spain at the former FIBA Under-21 World Championship.",https://en.wikipedia.org/wiki/Spain_men's_national_under-20_basketball_team
Basketball,Basketball at the Summer Olympics,"Basketball at the Summer Olympics has been a sport for men consistently since 1936. Prior to its inclusion as a medal sport, basketball was held as an unofficial demonstration event in 1904 and 1924. Women's basketball made its debut in the Summer Olympics in 1976. FIBA organizes both the men's and women's FIBA World Olympic Qualifying Tournaments and the Summer Olympics basketball tournaments, which are sanctioned by the IOC.
The United States is by far the most successful country in Olympic basketball, with United States men's teams having won 17 of 20 tournaments in which they participated, including seven consecutive titles from 1936 through 1968. United States women's teams have won 10 titles out of the 12 tournaments in which they competed, including eight in a row from 1996 to 2024. Besides the United States, Argentina is the only nation still in existence which has won both the men's and the women's tournament. The Soviet Union, Yugoslavia and the Unified Team are the countries no longer in existence who have won the tournament. The United States are the defending champions in both men's and women's tournaments.
On 9 June 2017, the Executive Board of the International Olympic Committee announced that 3x3 basketball would become an official Olympic sport as of the 2020 Summer Olympics in Tokyo, Japan, for both men and women.",https://en.wikipedia.org/wiki/Basketball_at_the_Summer_Olympics
Basketball,Basketball Champions League,"The Basketball Champions League (BCL), also commonly known as the FIBA Champions League, is an annual professional basketball competition for European clubs, organised by FIBA. It is the top-level competition organised by FIBA Europe, therefore the champion participates in the FIBA Intercontinental Cup.   
Clubs qualify for the competition mostly based on performance in their national leagues and cup competitions. Although exceptional, some teams can be wildcarded.
Each season consists of 32 teams. The inaugural season was held in 2016–17 and since then five different clubs won the competition. Canarias and San Pablo Burgos hold the joint record of most BCL titles with two each.",https://en.wikipedia.org/wiki/Basketball_Champions_League
Basketball,2008 United States men's Olympic basketball team,"The men's national basketball team of the United States won the gold medal at the 2008 Summer Olympics in Beijing, China. They qualified for the Olympics by winning the 2007 FIBA Americas Championship held in Las Vegas, Nevada. The team was nicknamed the ""Redeem Team"", a play on the ""Dream Team"" name for the 1992 U.S. Olympic team, and a reference to the fact that the United States came away with disappointing bronze medals during the 2004 Summer Olympics and the 2006 FIBA World Championship. Former Phoenix Suns chairman and CEO Jerry Colangelo was named managing director of the national team program by the USA Basketball Executive Committee in 2005. Kobe Bryant was named the team captain and Mike Krzyzewski was named the head coach of the 2008 team. An ESPN program, Road to Redemption, followed the team's preparations. Additionally, a Netflix produced documentary titled The Redeem Team was released in 2022.
The United States defeated Spain 118–107 in the final to win the gold. Dwyane Wade was the leading scorer for team USA averaging 16 points per game.  
In 2025, the entire team was inducted into the Naismith Memorial Basketball Hall of Fame",https://en.wikipedia.org/wiki/2008_United_States_men's_Olympic_basketball_team
Basketball,Greek Basketball Cup Finals MVP,"The Greek Basketball Cup Finals MVP is an annual award that is given to the most valuable player of the Finals of the Greek Basketball Cup, which is the top-tier level national domestic professional men's cup competition of the sport of basketball, in the country of Greece. The Greek Basketball Cup is contested between the top seven placed teams from each first half season of the top-tier level Greek Basket League, and the winners of the second-tier level Greek national basketball cup competition, the Greek UNICEF Cup.",https://en.wikipedia.org/wiki/Greek_Basketball_Cup_Finals_MVP
Basketball,Variations of basketball,"Variations of basketball are games or activities based on, or similar in origin to, the game of basketball, in which the player utilizes common basketball skills. Some are essentially identical to basketball, with only minor rules changes, while others are more distant and arguably not simple variations but distinct games.  Other variations include children's games, contests or activities intended to help the player practice or reinforce skills, which may or may not have a competitive aspect.  Most of the variations are played in informal settings, without the presence of referees or other officials and sometimes without strict adherence to official game rules.",https://en.wikipedia.org/wiki/Variations_of_basketball
Basketball,Center (basketball),"The center (C), or the centre, also known as the five, the big or the pivot, is one of the five positions in a regulation basketball game. The center is almost always the tallest player on the team, and often has a great deal of strength and body mass as well. In the NBA, the center is typically close to 7 feet (2.13 m) tall; centers in the WNBA are typically above 6 feet 4 inches (1.93 m). Centers traditionally play close to the basket in the low post. The two tallest players in NBA history, Manute Bol and Gheorghe Mureșan, were both centers, each standing 7 feet 7 inches (2.31 m) tall.
Centers are valued for their ability to protect their own goal from high-percentage close attempts on defense, while scoring and rebounding with high efficiency on offense. In the 1950s and 1960s, George Mikan and Bill Russell were centerpieces of championship dynasties and defined early prototypical centers. With the addition of a three-point field goal for the 1979–80 season, however, NBA basketball gradually became more perimeter-oriented and saw the importance of a traditional center diminish. Modern day big men include elite playmakers and passers such as Nikola Jokic and versatile scorers such as Joel Embiid and Victor Wembanyama.",https://en.wikipedia.org/wiki/Center_(basketball)
Basketball,Glossary of basketball terms,"This glossary of basketball terms is a list of definitions of terms used in the game of basketball. Like any other major sport, basketball features its own extensive vocabulary of unique words and phrases used by players, coaches, sports journalists, commentators, and fans.",https://en.wikipedia.org/wiki/Glossary_of_basketball_terms
Basketball,List of Olympic medalists in basketball,"Basketball is a sport contested at the Summer Olympic Games. A men's basketball tournament was first held at the 1904 Olympics as a demonstration; it has been held at every Summer Olympics since 1936. In the 1972 Olympics, the final game between the United States and the Soviet Union was a controversial one, as the game's final three seconds were replayed three times by a FIBA (International Basketball Federation) official without the authority to do so, before the Soviet Union won their first gold medal, which would have been won by the United States if the game was not re-started against the rules. The U.S. filed a formal protest but was rejected by FIBA. As a result, the United States refused to accept the silver medal, and no player has ever claimed his medal. After a protest of the Soviet invasion of Afghanistan, the United States boycotted the 1980 Moscow Olympics. The Soviet Union boycotted the 1984 Los Angeles Olympics in response. Both boycotts affected basketball at the Olympics, as both had successful basketball teams at the time. Until 1992, the Olympics were restricted to ""amateur"" players. The advent of the state-sponsored ""full-time amateur athlete"" of the Eastern Bloc countries further eroded the ideology of the pure amateur, as it put the self-financed amateurs of the Western countries at a disadvantage. The Soviet Union entered teams of athletes who were all nominally students, soldiers, or working in a profession, but all of whom were in reality paid by the state to train on a full-time basis. In April 1989, through the leadership of Secretary General Borislav Stanković, FIBA approved the rule that allowed NBA players to compete in international tournaments, including the Olympics. In the next Olympics, the 1992 Summer Games, the ""Dream Team"" won the gold medal at the 1992 basketball tournament, with an average winning margin of 44 points per game, and without calling a single time out. By this time, the Soviet Union and Yugoslavia no longer existed, but their successor states continued to be among the leading forces. Two newly independent countries of the former Yugoslavia and Soviet Union, Croatia and Lithuania, won the silver and bronze medals respectively.
American woman Diana Taurasi is the all-time leader for the most Olympic medals in basketball, with six gold, with three other women having won five medals—Americans Sue Bird (five gold) and Teresa Edwards (four gold and one bronze) plus Australia's Lauren Jackson (three silver and two bronze). Nine players have won four medals: Americans Lisa Leslie, Tamika Catchings, Sylvia Fowles (each with four golds with the women's team), Carmelo Anthony, LeBron James (each with three golds and one bronze with the men's team), and Kevin Durant (four gold medals); Soviet Gennadi Volnov (one gold, two silver, one bronze) and Sergei Belov (one gold, three bronze), and Australian Kristi Harrower (three silver, one bronze). Taurasi is the all-time leader for the most consecutive gold medal wins in basketball. Five other individuals, all American, have won three golds – Katie Smith, Dawn Staley, Sheryl Swoopes, Seimone Augustus, and Breanna Stewart – and 23 other players, not including the previously mentioned, have won three medals. Two other American women, Kelsey Plum and Jackie Young, are the only players to have won medals of any color in both the full-court and 3x3 variants of the sport. Both won golds in the debut of 3x3 in 2020 and in the full-court game in 2024.
The United States is by far the most successful country in full-court Olympic basketball, with United States men's teams having won 17 of 20 tournaments in which they participated, including seven consecutive titles from 1936 through 1968. United States women's teams have won 10 titles out of the 12 tournaments in which they competed, including eight in a row from 1996 to 2024. Besides the United States, Argentina is the only nation still in existence that has won either the men's or women's tournament. The Soviet Union, Yugoslavia and the Unified Team are the countries no longer in existence that have won the tournament. The United States is the defending champion of both the men's and women's tournaments. As of the 2016 Summer Olympics, 90 medals (30 of each color) have been awarded to teams from 20 National Olympic Committees.
Two gold medal-winning teams were inducted to the Naismith Memorial Basketball Hall of Fame in 2010. The 1960 U.S. Olympic team featured four players who would eventually enter the Hall of Fame as players, one of whom later entered the Hall as a contributor; a head coach who would enter the Hall as a contributor; and a team manager who entered the Hall as a coach. The 1992 U.S. Olympic team, better known as the ""Dream Team"", had 11 future Hall of Fame players, along with three coaches who were inducted to the Hall as coaches (one of whom was previously inducted separately for his accomplishments as a player).
On June 9, 2017, the executive board of the International Olympic Committee announced that 3x3 basketball would become an official Olympic sport as of the 2020 Summer Olympics in Tokyo, Japan, for both men and women.",https://en.wikipedia.org/wiki/List_of_Olympic_medalists_in_basketball
Basketball,Italy men's national under-19 basketball team,"The Italy men's national under-18 and under-19 basketball team is the national representative for Italy in international under-18 and under-19 basketball tournaments. They are administered by the Federazione Italiana Pallacanestro.
The team regularly competes at the FIBA U18 EuroBasket, and also won three medals at the FIBA U19 World Cup.",https://en.wikipedia.org/wiki/Italy_men's_national_under-19_basketball_team
Basketball,National Association of Basketball Coaches,"The National Association of Basketball Coaches (NABC), headquartered in Kansas City, Missouri, is an American organization of men's college basketball coaches. It was founded in 1927 by Phog Allen, the men's basketball head coach for the University of Kansas.
Formation of the NABC began when Joint Basketball Rules Committee, then the central governing authority of the game, announced without notice that it had adopted a change in the rules which virtually eliminated dribbling. Allen, a student of basketball founder James Naismith, organized a nationwide protest which ultimately resulted in the dribble remaining part of the game.
In 1939, the NABC held the first national basketball tournament in Evanston, Illinois at the Northwestern Fieldhouse.  Oregon defeated Ohio State for the first tournament championship. The next year, the NABC asked the NCAA to take over the administration of the tournament. In exchange, the NCAA provided complimentary tickets for NABC members to the Finals and placed an NABC member on its Tournament Committee.
NABC initiatives include establishing the original Basketball Hall of Fame in Springfield, Massachusetts, the format of today's NCAA basketball tournament, and the College Basketball Experience and National Collegiate Basketball Hall of Fame at the T-Mobile Center in downtown Kansas City, Missouri.  This facility was completed on October 10, 2007.",https://en.wikipedia.org/wiki/National_Association_of_Basketball_Coaches
Basketball,Point guard,"The point guard (PG), also called the one or the point, is one of the five positions in a regulation basketball game. A point guard has perhaps the most specialized role of any position and is usually the shortest player on the court. Point guards are expected to run the team's offense by controlling the ball and making sure that it gets to the right player at the right time. Above all, the point guard must understand and accept their coach's game plan; in this way, the position can be compared to the position of quarterback in gridiron football. They must also be able to adapt to what the defense is allowing and must control the pace of the game.

A point guard specializes in certain skills, like other player positions in basketball. Their primary job is to facilitate scoring opportunities for their team, or sometimes for themselves. Lee Rose has described a point guard as a coach on the floor, who can handle and distribute the ball to teammates. This typically involves setting up plays on the court, getting the ball to the teammate in the best position to score and controlling the tempo of the game. Generally, a point guard should always look out for teammates and have the ability to pass well. A point guard should know when and how to instigate a fast break and initiate the more deliberate sets. Point guards are expected to be vocal floor leaders, with situational awareness of the shot clock and game clock times, the score, the number of remaining timeouts for both teams and more.

Magic Johnson won the National Basketball Association Most Valuable Player Award (MVP) three times in his career, the most for a point guard in NBA history. Stephen Curry and Steve Nash have each been named the league MVP twice. Other NBA point guards with wins include Bob Cousy, Oscar Robertson, Allen Iverson, Derrick Rose, and Russell Westbrook. Since 1969, Johnson and Curry are the only point guards to win the NBA MVP, Finals MVP and All-Star Game MVP awards in their careers. Notable point guards of the WNBA include five-time champion Sue Bird, her Olympic teammate Diana Taurasi (the only two basketball players of either gender to earn five Olympic gold medals for basketball) and Courtney Vandersloot. In the NBA, point guards generally range from 6 ft 1 in (1.85 m) to 6 ft 4 in (1.93 m) whereas in the WNBA, point guards are usually 5 ft 9 in (1.75 m) or shorter. Having above-average size (height, muscle) is considered advantageous, although size is secondary to situational awareness, speed, quickness and ball-handling skills. At 5 ft 3 in (1.60 m) the shortest player in NBA history, Muggsy Bogues played 889 games in a 14-year career as a point guard.
After the opponent scores, it is typically the point guard who brings the ball down the court to begin an offensive play. Passing skills, ball handling and court vision are crucial. Speed is important; a speedy point guard is better able to create separation and space off the dribble, giving themselves room to work. Point guards are often valued more for their assist totals than for their scoring. John Stockton holds the all time NBA record for assists. Another major evaluation factor is the assist-to-turnover ratio, which reflects the decision-making skills of the player. Given the evolved nature of basketball in the modern day, a first-rate point guard is also required to have a reasonably effective jump shot.

",https://en.wikipedia.org/wiki/Point_guard
Basketball,Spain men's national under-19 basketball team,"The Spain national U-19 basketball team (Spain Youth national basketball team), is the representative for Spain in international basketball competitions, and it is organized and run by the Spanish Basketball Federation. The Spain national U-19 basketball team represents Spain at the FIBA Under-19 World Championship.",https://en.wikipedia.org/wiki/Spain_men's_national_under-19_basketball_team
Basketball,James Naismith,"James Naismith (NAY-smith; November 6, 1861 – November 28, 1939) was a Scottish-Canadian-American physical educator, physician, Christian chaplain, and sports coach, best known as the inventor of the game of basketball.
After moving to the United States, he wrote the original basketball rule book and founded the University of Kansas basketball program in 1898. Naismith lived to see basketball adopted as an Olympic demonstration sport in 1904 and as an official event at the 1936 Summer Olympics in Berlin, as well as the birth of the National Invitation Tournament (1938) and the NCAA Tournament (1939).
Naismith studied and taught physical education at McGill University in Montreal until 1890, before moving to Springfield, Massachusetts, United States, later that year, where in 1891 he designed the game of basketball while he was teaching at the International YMCA Training School. Seven years after inventing basketball, Naismith received his medical degree in Denver in 1898. He then arrived at the University of Kansas, later becoming the Kansas Jayhawks' athletic director and coach.
While a coach at Kansas, Naismith coached Phog Allen, who later became the coach at Kansas for 39 seasons, beginning a lengthy and prestigious coaching tree. Allen then went on to coach legends including Adolph Rupp and Dean Smith, among others, who themselves coached many notable players and future coaches.",https://en.wikipedia.org/wiki/James_Naismith
Basketball,List of basketball video games,The following is a list of basketball video games. Most of these sports video games represent basketball in the National Basketball Association (NBA).,https://en.wikipedia.org/wiki/List_of_basketball_video_games
Cars,Car,"A car, or an automobile, is a motor vehicle with wheels. Most definitions of cars state that they run primarily on roads, seat one to eight people, have four wheels, and mainly transport people rather than cargo. There are around one billion cars in use worldwide.
The French inventor Nicolas-Joseph Cugnot built the first steam-powered road vehicle in 1769, while the Swiss inventor François Isaac de Rivaz designed and constructed the first internal combustion-powered automobile in 1808. The modern car—a practical, marketable automobile for everyday use—was invented in 1886, when the German inventor Carl Benz patented his Benz Patent-Motorwagen. Commercial cars became widely available during the 20th century. The 1901 Oldsmobile Curved Dash and the 1908 Ford Model T, both American cars, are widely considered the first mass-produced and mass-affordable cars, respectively. Cars were rapidly adopted in the US, where they replaced horse-drawn carriages. In Europe and other parts of the world, demand for automobiles did not increase until after World War II. In the 21st century, car usage is still increasing rapidly, especially in China, India, and other newly industrialised countries.
Cars have controls for driving, parking, passenger comfort, and a variety of lamps. Over the decades, additional features and controls have been added to vehicles, making them progressively more complex. These include rear-reversing cameras, air conditioning, navigation systems, and in-car entertainment. Most cars in use in the early 2020s are propelled by an internal combustion engine, fueled by the combustion of fossil fuels. Electric cars, which were invented early in the history of the car, became commercially available in the 2000s and are predicted to cost less to buy than petrol-driven cars before 2025. The transition from fossil fuel-powered cars to electric cars features prominently in most climate change mitigation scenarios, such as Project Drawdown's 100 actionable solutions for climate change.
There are costs and benefits to car use. The costs to the individual include acquiring the vehicle, interest payments (if the car is financed), repairs and maintenance, fuel, depreciation, driving time, parking fees, taxes, and insurance. The costs to society include maintaining roads, land-use, road congestion, air pollution, noise pollution, public health, and disposing of the vehicle at the end of its life. Traffic collisions are the largest cause of injury-related deaths worldwide. Personal benefits include on-demand transportation, mobility, independence, and convenience. Societal benefits include economic benefits, such as job and wealth creation from the automotive industry, transportation provision, societal well-being from leisure and travel opportunities. People's ability to move flexibly from place to place has far-reaching implications for the nature of societies.",https://en.wikipedia.org/wiki/Car
Cars,Car (disambiguation),"A car is a motor vehicle with wheels.
Car, Cars, CAR or CARS may also refer to:",https://en.wikipedia.org/wiki/Car_(disambiguation)
Cars,The Cars,"The Cars were an American rock band formed in Boston in 1976. Emerging from the new wave scene in the late 1970s, they consisted of Ric Ocasek (rhythm guitar), Benjamin Orr (bass guitar), Elliot Easton (lead guitar), Greg Hawkes (keyboards), and David Robinson (drums). Ocasek and Orr shared lead vocals, and Ocasek was the band's principal songwriter and leader.  
The Cars were at the forefront of the merger of 1970s guitar-oriented rock with the new synthesizer-oriented pop that became popular in the early 1980s. Music critic Robert Palmer, writer for The New York Times and Rolling Stone, described the Cars' musical style: ""They have taken some important but disparate contemporary trends—punk minimalism, the labyrinthine synthesizer and guitar textures of art rock, the '50s rockabilly revival and the melodious terseness of power pop—and mixed them into a personal and appealing blend.""
The Cars were named Best New Artist in the 1978 Rolling Stone Readers' Poll. The band's debut album, The Cars, sold six million copies and appeared on the Billboard 200 album chart for 139 weeks. The Cars had four Top 10 hits: ""Shake It Up"" (1981), ""You Might Think"" (1984), ""Drive"" (1984), and ""Tonight She Comes"" (1985). The band won Video of the Year for ""You Might Think"" at the first MTV Video Music Awards in 1984.
The Cars disbanded in 1988. Orr died in 2000 from pancreatic cancer, at the age of 53. In 2007, Easton and Hawkes joined Todd Rundgren and others to form the offshoot band The New Cars. The surviving original members of the Cars reunited in 2010 to record the band's seventh and final album, Move Like This, which was released in May 2011. Following a short tour in support of Move Like This, the band once again went on hiatus. In April 2018, the Cars were inducted into the Rock and Roll Hall of Fame and reunited to perform at the induction ceremony. Ocasek died of cardiovascular disease in September 15, 2019, at the age of 75.

",https://en.wikipedia.org/wiki/The_Cars
Cars,Cars (franchise),"Cars is an American animated film series and media franchise set in a world populated by anthropomorphic vehicles created by John Lasseter, Joe Ranft and Jorgen Klubien. The franchise began with the 2006 film, Cars, produced by Pixar and released by Walt Disney Pictures. The film was followed by the sequels Cars 2 (2011) and Cars 3 (2017). The now-defunct Disneytoon Studios produced the two spin-off films Planes (2013) and Planes: Fire & Rescue (2014).
The first two Cars films were directed by Lasseter, then-chief creative officer of Pixar, Walt Disney Animation Studios, and Disneytoon Studios, while Cars 3 was directed by Brian Fee, a storyboard artist on the previous installments. Lasseter served as executive producer of Cars 3 and the Planes films. Together, all three Cars films have accrued over $1.4 billion in box office revenue worldwide while the franchise has amassed over $10 billion in merchandising sales within its first five years.",https://en.wikipedia.org/wiki/Cars_(franchise)
Cars,Cars (film),"Cars is a 2006 American animated sports comedy film produced by Pixar Animation Studios for Walt Disney Pictures. The film was directed by John Lasseter, co-directed by Joe Ranft, produced by Darla K. Anderson, and written by Lasseter, Ranft, Dan Fogelman, Kiel Murray, Phil Lorin, and Jorgen Klubien based on a story by Lasseter, Ranft, and Klubien. The film stars an ensemble voice cast of Owen Wilson, Paul Newman (in his final voice acting theatrical film role), Bonnie Hunt, Larry the Cable Guy, Tony Shalhoub, Cheech Marin, Michael Wallis, George Carlin, Paul Dooley, Jenifer Lewis, Guido Quaroni, Michael Keaton, Katherine Helmond, John Ratzenberger and Richard Petty, while race car drivers Dale Earnhardt Jr. (as ""Junior""), Mario Andretti, Michael Schumacher and car enthusiast Jay Leno (as ""Jay Limo"") voice themselves.
Set in a world populated entirely by anthropomorphic vehicles, the film follows a young self-obsessed racecar named Lightning McQueen who, on the way to the most important race of his life, becomes stranded in a forgotten town along U.S. Route 66 called Radiator Springs, where he learns about friendship and begins to reevaluate his priorities.
Development for Cars started in 1998, after finishing the production of A Bug's Life, with a new script titled The Yellow Car, which was about an electric car living in a gas-guzzling world with Klubien writing. It was announced that the producers agreed that it could be the next Pixar film after A Bug's Life, scheduled for a 1999 release, particularly around June 4; the idea was later scrapped in favor of Toy Story 2. Shortly after, production was resumed with major script changes. The film was inspired by Lasseter's experiences on a cross-country road trip. Randy Newman composed the film's score, while artists such as Sheryl Crow, Rascal Flatts, John Mayer and Brad Paisley contributed to the film's soundtrack. Cars ultimately served as the final film independently produced by Pixar after its purchase by Disney in January 2006.
Cars premiered on May 26, 2006, at Lowe's Motor Speedway in Concord, North Carolina and was theatrically released in the United States on June 9, to generally positive reviews and commercial success, grossing $462 million worldwide against a budget of $120 million, becoming the sixth-highest-grossing film of 2006. It received two nominations at the 79th Academy Awards, including Best Animated Feature, but lost to Happy Feet (but won both the Annie Award for Best Animated Feature and the Golden Globe Award for Best Animated Feature Film). The film was released on DVD on November 7, 2006, on VHS in limited quantities on February 19, 2007, and on Blu-ray on November 6, 2007. It was accompanied by the short One Man Band for its theatrical and home media releases. The film was dedicated to Ranft, who died in a car crash during the film's production.
The success of Cars launched a multimedia franchise, which includes two sequels: Cars 2 (2011) and Cars 3 (2017), as well as two spin-off films produced by Disneytoon Studios: Planes (2013) and Planes: Fire and Rescue (2014).",https://en.wikipedia.org/wiki/Cars_(film)
Cars,Canadian Aviation Regulations,The Canadian Aviation Regulations (CARs) are the rules that govern civil aviation in Canada.,https://en.wikipedia.org/wiki/Canadian_Aviation_Regulations
Cars,MG Cars,"MG is a British automotive marque founded by Cecil Kimber in the 1920s, and M.G. Car Company Limited was the British sports car manufacturer existing between 1930 and 1972 that made the marque well known. Since 2007 the marque has been controlled by Chinese state-owned automaker SAIC Motor.
MG cars had their roots in a 1920s sales promotion sideline of Morris Garages, a retail sales and service centre in Oxford belonging to William Morris. The business's manager, Cecil Kimber, modified standard production Morris Oxfords and added MG Super Sports to the plate at the nose of the car. A separate M.G. Car Company Limited was incorporated in July 1930. It remained Morris's personal property until 1 July 1935, when he sold it to his holding company, Morris Motors Limited.
MG underwent many changes in ownership over the years. Morris's Nuffield Organization merged with Austin to create the British Motor Corporation Limited (BMC) in 1952. Its activities were renamed MG Division of BMC in 1967, and so it was a component of the 1968 merger that created British Leyland Motor Corporation (BLMC). The MG marque continued to be used by the successors of BLMC: British Leyland, the Rover Group and, by the start of 2000, the MG Rover Group, which entered receivership in 2005. The MG marque along with other assets of MG Rover were purchased by Nanjing Automobile Group (which merged into SAIC Motor in 2007). Production of MG vehicles restarted in 2007 in China under Chinese ownership. The first new MG model in the UK for 16 years, the MG6, was launched on 26 June 2011.",https://en.wikipedia.org/wiki/MG_Cars
Cars,Lotus Cars,"Lotus Group (also known as Lotus Cars) is a British multinational automotive manufacturer of luxury sports cars and electric vehicles.
Lotus Group is composed of three primary entities. Lotus Cars, a high-performance sports car company, is based in Hethel, Norfolk. Lotus Tech, an all-electric lifestyle vehicle company, headquartered in Wuhan, China, and operates regional facilities in the United Kingdom, the Netherlands, and Germany. Additionally, Lotus Engineering, an engineering consultancy firm, is headquartered at the Lotus Advanced Technology Centre (LATC) located at the University of Warwick's Wellesbourne Campus.
Lotus was founded and owned for many years by Colin Chapman. After his death and a period of financial instability, it was bought by General Motors, then Romano Artioli and then DRB-HICOM through its subsidiary Proton, which owned Lotus from 1996 to 2017. Lotus is currently majority-owned by Chinese multinational Geely. Between 2017 and 2025, Lotus traded as Lotus NYO in China due to a trademark dispute with Youngman.
Lotus was previously involved in Formula One racing, via Team Lotus, winning the Formula One World Championship seven times. Notable Lotus cars include the Lotus Seven, the Elan, the Esprit and the Elise.

",https://en.wikipedia.org/wiki/Lotus_Cars
Cars,Cars 3,"Cars 3 is a 2017 American animated sports comedy-adventure film produced by Pixar Animation Studios for Walt Disney Pictures. It is a sequel to Cars 2 (2011) and the third film in the Cars franchise. It was directed by Brian Fee and produced by Kevin Reher, from a screenplay written by Kiel Murray, Bob Peterson, and Mike Rich, and a story by Fee, Ben Queen, and the writing team of Eyal Podell and Jonathan E. Stewart. The returning voices of Owen Wilson, Larry the Cable Guy, Bonnie Hunt, Tony Shalhoub, Guido Quaroni, Cheech Marin, Jenifer Lewis, Paul Dooley, Lloyd Sherr, Michael Wallis, Katherine Helmond and John Ratzenberger are joined by Cristela Alonzo, Chris Cooper, Armie Hammer, Nathan Fillion, Kerry Washington, and Lea DeLaria, in addition to a dozen NASCAR personalities. In the film, Lightning McQueen (Wilson), now a veteran race car, must prove that he is still competitive against a new generation of technologically advanced racers, with the help of young technician Cruz Ramirez (Alonzo), to prevent a forced retirement from the Piston Cup.
Development of a third Cars film began in late 2011 after the release of its predecessor, and entered production in 2014, with Pixar's then-CCO John Lasseter stating that it would be a ""very emotional story"", and go back to the first film's themes. The production team for the film conducted research on multiple NASCAR racers, particularly older ones, as well as a sports psychoanalyst, while also focusing on McQueen's relationship with Doc Hudson and its meaning. The production utilized a new rendering system, Rix Integration Subsystem (RIS), which was previously used in Finding Dory (2016). New cast members including Hammer and Alonzo were announced in January 2017, followed by Fillion, Washington and DeLaria two months later. Randy Newman, who had worked on the first film, composed the film's score with artists such as Andra Day, James Bay, Brad Paisley and Jorge Blanco contributing tracks for the film.
Cars 3 was first screened for the NASCAR industry in Kannapolis, North Carolina on May 23, 2017, before its theatrical release in the United States on June 16, accompanied by the animated short film Lou. It received generally positive reviews from critics and grossed $383 million worldwide against its $175 million budget, becoming the lowest-grossing film of the franchise, but still a box office success.",https://en.wikipedia.org/wiki/Cars_3
Cars,Volvo Cars,"Volvo Car AB, trading as Volvo Cars (Swedish: Volvo personvagnar, styled VOLVO in the company's logo) is a Swedish multinational manufacturer of luxury vehicles. Volvo is headquartered in Torslanda, Gothenburg. The company manufactures SUVs, station wagons, and sedans. The company's main marketing revolves around safety and its Swedish heritage and design.
Volvo Cars has been separate from its former parent conglomerate and producer of heavy trucks, buses, and construction equipment (among others) AB Volvo since 1999 when AB Volvo sold its automobile division Volvo Cars to Ford Motor Company for US$6.47 billion. On 28 March 2010, Ford sold Volvo Cars at a loss to Geely Holding for $1.8 billion; the deal closed in August 2010. Volvo Cars was publicly listed on the Nasdaq Stockholm stock exchange in 2021, though Geely Holding still retains majority ownership. Volvo Cars and AB Volvo share the Volvo logo, and cooperate in running the Volvo Museum.
In March 2021, Volvo Cars announced that it would be a fully electric brand by 2030, with vehicles sold exclusively online. In June 2021, Volvo Cars and Swedish battery developer and manufacturer Northvolt announced the intention to establish a 50/50 joint venture consisting of a battery gigafactory and R&D (research and development) center. In December 2021, it was revealed the battery R&D center would be located in Gothenburg. In February 2022, Gothenburg was also chosen as the location for the battery gigafactory.
During 2021 and 2022, Volvo Cars transferred its hybrid engine research and production capabilities in Skövde and Zhangjiakou to Aurobay, in a joint venture with Geely. In 2023, Volvo removed conventional engines as an option, meaning mild hybrids are the base engine option in the US.
Volvo Cars owns 18% of Polestar and 50% of NOVO Energy (electric vehicle batteries), 100% of Zenseact (AD and ADAS software), and 100% of HaleyTek (Android-based infotainment systems). As of 2022, Volvo Cars has production plants in Torslanda in Sweden, Ridgeville, South Carolina in the United States, Ghent in Belgium, and Daqing in China.",https://en.wikipedia.org/wiki/Volvo_Cars
Cars,Cars 2,"Cars 2 is a 2011 American animated spy comedy film produced by Pixar Animation Studios for Walt Disney Pictures. It is the sequel to Cars (2006), the second film in the Cars franchise, and the 12th animated film from the studio. The film was directed by John Lasseter, co-directed by Brad Lewis, produced by Denise Ream, and written by Ben Queen, Lasseter, Lewis, and Dan Fogelman. In the film's ensemble voice cast, Owen Wilson, Larry the Cable Guy, Tony Shalhoub, Guido Quaroni, Bonnie Hunt, and John Ratzenberger reprise their roles from the first film. George Carlin, who previously voiced Fillmore, died in 2008, and his role was passed to Lloyd Sherr. They are joined by newcomers Michael Caine, Emily Mortimer, John Turturro, Eddie Izzard, and Thomas Kretschmann. In the film, Lightning McQueen and Mater agree to compete in the World Grand Prix, an international racing event showcasing a new alternative fuel called Allinol, but Mater inadvertently becomes involved in a dangerous espionage mission that puts both his and McQueen's life in jeopardy.
Cars 2 was first announced in April 2008 with a tentative summer 2012 release date, which was later moved up to the summer of 2011. Lasseter was confirmed to be returning as director, while Lewis was designated as co-director in June 2010. The film's story was conceived by Lasseter while he was traveling around the world promoting the first film. Michael Giacchino composed the film's score, with artists such as Weezer, Robbie Williams, Brad Paisley and Bénabar contributing tracks for the film. This was the final Pixar film animated with their old software system, Marionette, before being officially replaced with Presto in 2012. With an estimated budget of $200 million, Cars 2 is one of the most expensive films ever made.
Cars 2 premiered at the El Capitan Theatre in Los Angeles on June 18, 2011, and was released in the United States on June 24, in Disney Digital 3D and IMAX 3D as well as traditional two-dimensional and IMAX formats. Despite receiving mixed reviews from critics, Cars 2 continued Pixar's streak of box office success, grossing over $559 million worldwide, becoming the tenth-highest-grossing film of 2011 and the highest-grossing film of the Cars trilogy. The film was nominated for Best Animated Feature Film at the 69th Golden Globe Awards, but lost to The Adventures of Tintin. A sequel, Cars 3, was released on June 16, 2017.",https://en.wikipedia.org/wiki/Cars_2
Cars,Jaguar Cars,"Jaguar (UK: , US: ) is the sports car and luxury vehicle brand of Jaguar Land Rover, a British  multinational car manufacturer with its headquarters in Whitley, Coventry, England. Jaguar Cars was the company that was responsible for the production of Jaguar cars until its operations were fully merged with those of Land Rover to form Jaguar Land Rover on 1 January 2013.
Jaguar's business was founded as the Swallow Sidecar Company in 1922, originally making motorcycle sidecars before developing bodies for passenger cars. Under the ownership of SS Cars, the business extended to complete cars made in association with Standard Motor Company, many bearing Jaguar as a model name. The company's name was changed from SS Cars to Jaguar Cars in 1945. A merger with the British Motor Corporation followed in 1966, the resulting enlarged company now being renamed as British Motor Holdings (BMH), which in 1968 merged with Leyland Motor Corporation and became British Leyland, itself to be nationalised in 1975.
Jaguar was spun off from British Leyland and was listed on the London Stock Exchange in 1984 until it was acquired by Ford in 1990. Since the late 1970s, Jaguar manufactured cars for the Prime Minister of the United Kingdom, the most recent prime ministerial car delivery being an XJ (X351) in May 2010. The company also held royal warrants from Queen Elizabeth II and King Charles III.
Ford owned Jaguar Cars, also buying Land Rover in 2000, until 2008 when it sold both to Tata Motors. Tata created Jaguar Land Rover as a subsidiary holding company. At operating company level, Jaguar Cars was merged in 2013 with Land Rover to form Jaguar Land Rover as the single design, manufacture, sales company, and brand owner for both Jaguar and Land Rover vehicles.
Since the Ford ownership era, Jaguar and Land Rover have used joint design facilities in engineering centres at Whitley in Coventry and Gaydon in Warwickshire and Jaguar cars have been assembled in plants at Castle Bromwich and Solihull. On 15 February 2021, Jaguar Land Rover announced that all cars made under the Jaguar brand will be fully electric by 2025.",https://en.wikipedia.org/wiki/Jaguar_Cars
Cars,Car classification,"Governments and private organizations have developed car classification schemes that are used for various purposes including regulation, description, and categorization of cars.
The International Standard ISO 3833-1977 Road vehicles – Types – Terms and definitions also defines terms for classifying cars.",https://en.wikipedia.org/wiki/Car_classification
Cars,Lola Cars,"Lola Cars Limited is a British automobile manufacturer founded in 1958 by Eric Broadley in Bromley, England. The company is now owned by Till Bechtolsheimer, who purchased it in 2022. Lola Cars endured for more than fifty years to become one of the oldest and largest manufacturers of racing cars in the world. Lola started by building small front-engine sports cars, and branched out into Formula Junior cars before diversifying into a wider range of sporting vehicles. In 2012, Lola Cars stopped operations. Lola returned to motorsport in 2024 by joining the Formula E World Championship as an entrant and a powertrain supplier in a technical partnership with Yamaha.",https://en.wikipedia.org/wiki/Lola_Cars
Cars,Cars (painting),"Cars is a series of artworks by the American artist Andy Warhol, commissioned by Mercedes-Benz in 1986.
A German art dealer, Hans Meyer, commissioned the first painting, of a 300SL coupe, to celebrate the 1986 centenary of the invention of the motor car. When Mercedes-Benz saw the result, it commissioned the entire series, which was to track the evolution of its designs from the Benz Patent-Motorwagen 1885, Daimler Motor Carriage (1886), and Mercedes 35 hp (1901), to the Mercedes-Benz W125, and the Mercedes-Benz C111.
Now part of Mercedes-Benz's corporate art collection, Cars was unfinished at the time of Warhol's death in 1987. Warhol completed 36 silkscreen prints and 13 drawings of eight Mercedes models before his death. Warhol had planned to cover 20 models in 80 pieces. The series was based on photographs of cars, and were the first non-American designed objects that Warhol had portrayed in his work.
Cars has been exhibited just twice in its entirety in public: in Tübingen in 1988, and at the Albertina, Vienna from 22 January–16 May 2010. Half of the series was shown in Milton Keynes in September 2001.
Cars was Warhol's second automotive art project. In 1979 Warhol was commissioned by BMW to paint a Group 4 race version of the then elite supercar BMW M1 for the fourth installment in the BMW Art Car Project. Unlike the three artists before him, Warhol declined the use of a small scale practice model, instead opting to immediately paint directly onto the full scale automobile. It was indicated that Warhol spent only a total of 23 minutes painting the entire car.
Warhol's work for Mercedes-Benz and his similar commissions for Perrier have been criticized as ""undistinguished glitz"", with critics lamenting Warhol's ""passionate avarice"", accusing him of crossing the line into advertisements for their subjects.",https://en.wikipedia.org/wiki/Cars_(painting)
Cars,Project CARS,"Project CARS is a sim racing video game series developed by Slightly Mad Studios and published by Bandai Namco Entertainment. The franchise was introduced in 2015 and received a sequel in 2017, followed by Project CARS 3 in 2020. Following the acquisition of Codemasters by Electronic Arts, development on the Project CARS series ended in November 2022.",https://en.wikipedia.org/wiki/Project_CARS
Cars,Cars Toons,"Cars Toons is an American animated short series based on the Cars franchise. It features Lightning McQueen, Mater, and their friends in comedic antics and adventures canonical to the films. Larry the Cable Guy reprises his role as Mater while Keith Ferguson replaces Owen Wilson as the voice of Lightning McQueen until ""The Radiator Springs 500 ½"", when Wilson reprises his role.
The series premiered on October 27, 2008, with ""Rescue Squad Mater"" on Disney Channel, Toon Disney and ABC Family. Not exclusive to television, the shorts were also released on home media and/or as theatrical shorts. The series ended on May 20, 2014, with ""The Radiator Springs 500 ½"".",https://en.wikipedia.org/wiki/Cars_Toons
Cars,Calthorpe cars,"The Calthorpe Motor Company based in Bordesley Green, Birmingham, England, made a range of cars, motorcycles and bicycles from 1904 to 1932.",https://en.wikipedia.org/wiki/Calthorpe_cars
Cars,Chasing Cars,"""Chasing Cars"" is a song by Northern Irish–Scottish alternative rock band Snow Patrol, released on 6 June 2006 in the United States and 24 July in the United Kingdom as the second single of their fourth album, Eyes Open (2006). The song gained significant popularity in the US after being featured in the second season finale of the medical drama Grey's Anatomy, which aired on 15 May 2006.
""Chasing Cars"" was one of the songs that revealed the impact of legal downloads on single sales in the UK, selling consistently for years after its release. The song is Snow Patrol's biggest-selling single to date, ending 2006 as that year's 14th best-selling single in the UK. It was the last song performed live on the BBC's Top of the Pops that year. Released in the post-Britpop period, the song peaked at number 6 on the UK Singles Chart, and number 5 on the US Billboard Hot 100.
At the 49th Annual Grammy Awards in 2007, ""Chasing Cars"" was nominated for Best Rock Song, and at the 2007 Brit Awards it was nominated for Best British Single. As of 2019, the song has spent 111 weeks in the official UK top 75, 166 in the top 100 and had sold over one million copies in the UK by October 2013. It has also sold 3,900,000 copies in the US by January 2015, making it one of the top best-selling rock songs in the digital era. In 2009, UK music licensing body PPL announced that ""Chasing Cars"" was the most widely played song of the decade in the UK. Ten years later, it was revealed as the most-played song of the 21st century on UK radio.",https://en.wikipedia.org/wiki/Chasing_Cars
Cars,Bristol Cars,"Bristol Cars was a British manufacturer of hand-built luxury cars headquartered in Bristol, England.  It was formed from the car division of the Bristol Aeroplane Company after the Second World War and later became independent as Bristol Cars Limited. After being placed in receivership and being taken over in 2011, it entered liquidation in February 2020.
Bristol was always a low-volume manufacturer; the most recent published official production figures were for 1982, which stated that 104 cars were produced in that year. The company also had only one sales showroom, on the corner of Kensington High Street and Holland Road in London.
The company suspended manufacturing in March 2011, when administrators were appointed, 22 staff were made redundant at the factory in Filton, Bristol and subsequently the company was dissolved. In April 2011, a new company was formed by the administrator to sell the original assets to Kamkorp. The new company was liquidated in 2020 in order to pay creditors.

",https://en.wikipedia.org/wiki/Bristol_Cars
Cars,Alternative Cars,"Alternative Cars Limited is a New Zealand-based kit car company that manufactures fiber-glass bodied cars based on the 1950s MG TF. The company was founded by Russell Hooper, a medical supply representative, as Kit Kars Limited in 1984. In 1996 Kit Kars Ltd changed its name to Alternative Cars Limited. Initially the company operated from the owner's home, until moving to a small 600 square foot workshop in Auckland.",https://en.wikipedia.org/wiki/Alternative_Cars
Cars,Counting Cars,"Counting Cars is an American reality television series shown on History Channel and produced by Leftfield Pictures. The series, which is the third spin-off of Pawn Stars, is filmed in Las Vegas, where it chronicles the daily activities at Count's Kustoms, an automobile restoration and customization company owned and operated by Danny Koker a.k.a. The Count, who previously appeared as a recurring expert on Pawn Stars. In a format similar to another Pawn Stars spin-off, American Restoration, the series follows Koker and his staff as they restore and modify classic automobiles and motorcycles. Counting Cars debuted on August 13, 2012.

",https://en.wikipedia.org/wiki/Counting_Cars
Cars,Cars (soundtrack),"Cars: Original Soundtrack is the soundtrack album to the 2006 Disney/Pixar film of the same name. Released by Walt Disney Records on June 6, 2006, nine songs from the soundtrack are from popular and contemporary artists. The styles of these songs vary between pop, blues, country, and rock.  The remaining eleven pieces are orchestral scores composed and conducted by Randy Newman. The soundtrack was released three days before the film's release into theaters. It was also the fifth Pixar film not to be scored by Michael Giacchino or Thomas Newman. On November 25, 2006, the soundtrack's position on the Billboard 200 shot up from #126 to #47, with a 209% sales increase of 25,000 units. This was most likely due to the holiday season and the fact that Cars was released on DVD.  This was the first Pixar soundtrack to ever achieve Gold Certification in the United States. It is now Platinum in the U.S.",https://en.wikipedia.org/wiki/Cars_(soundtrack)
Cars,CARS Tour,"The zMAX CARS Tour (formerly known as the USARacing Pro Cup Series, USAR Hooters Pro Cup Series, CARS Pro Cup Series, Rev-Oil Pro Cup Series, CARS X1-R Pro Cup Series) and the SPEARS CARS Tour West are a pair of stock car auto racing series in the United States.  They are sanctioned by the Championship Auto Racing Series and sponsored by zMAX and SPEARS Manufacturing. The series competes in the United States, on paved short tracks in Arizona, California, Colorado, Georgia, Nevada, North Carolina, South Carolina, and Virginia.",https://en.wikipedia.org/wiki/CARS_Tour
Cars,List of Cars characters,"Cars is a media franchise including the 2006 film Cars, the 2011 film Cars 2, the 2017 film Cars 3, the 2022 series Cars on the Road, the 2013 film Planes, and the 2014 film Planes: Fire & Rescue. This page is a list of characters that have appeared in the franchise.

",https://en.wikipedia.org/wiki/List_of_Cars_characters
Cars,The Cars (album),"The Cars is the debut studio album by American rock band the Cars, released on June 6, 1978, by Elektra Records. The album was produced by longtime collaborator Roy Thomas Baker, and spawned several hit singles, including ""Just What I Needed"", ""My Best Friend's Girl"", and ""Good Times Roll"", as well as other radio and film hits such as ""Bye Bye Love"" and ""Moving in Stereo"". The Cars peaked at number 18 on the US Billboard 200 chart, and has been certified 6× Platinum by the Recording Industry Association of America (RIAA).

",https://en.wikipedia.org/wiki/The_Cars_(album)
Cars,Bumper cars,"Bumper cars or dodgems are the generic names for a type of flat amusement ride consisting of multiple small electrically powered cars which draw power from the floor or ceiling, and which are turned on and off remotely by an operator. They are also known as bumping cars, dodging cars and dashing cars. The first patent for them was filed in 1921.",https://en.wikipedia.org/wiki/Bumper_cars
Cars,Dinan Cars,"Dinan Cars is a company specializing in the design and manufacturing of aftermarket performance parts for BMW automobiles. The company was founded in 1979 by Steve Dinan, and is headquartered in Opelika, Alabama.
Its performance parts are marketed through a network of authorized BMW dealers, independent auto repair shops, and their website. Dinan-modified vehicles retain factory warranty coverage and qualify for BMW's Certified Pre-Owned program. 180 locations in the United States sell Dinan parts or cars, including 150 BMW dealerships.
Until 2006, Dinan designed and manufactured performance parts for the Mini Cooper line. In addition, Dinan has had a history of building BMW racing engines for teams competing in the Grand-Am Rolex Sports Car Series Daytona Prototype class up until 2013.",https://en.wikipedia.org/wiki/Dinan_Cars
Cars,AC Cars,"AC Cars, originally incorporated as  Auto Carriers Ltd., is a British specialist automobile manufacturer and one of the oldest independent car makers founded in Britain. As a result of bad financial conditions over the years, the company was renamed or liquidated many times until its latest form. In 2022, the new corporate structure began the production of new AC Cobra models, with a slightly modified structure to adapt it to modern safety and technology requirements and obtain the European road homologation certificate.",https://en.wikipedia.org/wiki/AC_Cars
Cars,Ferrari,"Ferrari S.p.A. (; Italian: [ferˈraːri]) is an Italian luxury sports car manufacturer based in Maranello. Founded in 1939 by Enzo Ferrari (1898–1988), the company built its first car in 1940, adopted its current name in 1945, and began to produce its current line of road cars in 1947. Ferrari became a public company in 1960, and from 1963 to 2014 it was a subsidiary of Fiat S.p.A. It was spun off from Fiat's successor entity, Fiat Chrysler Automobiles, in 2016. The company currently offers a large model range which includes several supercars, grand tourers, and one SUV. Many early Ferraris, dating to the 1950s and 1960s, count among the most expensive cars ever sold at auction. 
Throughout its history, the company has been noted for its continued participation in racing, especially in Formula One, where its team, Scuderia Ferrari, is the series' single oldest and most successful. Scuderia Ferrari has raced since 1929, first in Grand Prix events and later in Formula One, where it holds many records. Historically, Ferrari was also highly active in sports car racing, where its cars took many wins in races such as the Mille Miglia, Targa Florio and 24 Hours of Le Mans, as well as several overall victories in the World Sportscar Championship. Scuderia Ferrari fans, commonly called tifosi, are known for their passion and loyalty to the team.
Ferrari is one of the world's strongest brands, and it maintains a brand image built around racing heritage, luxury, and exclusivity. As of May 2023, Ferrari is also one of the largest car manufacturers by market capitalisation, with a value of approximately US$85.5 billion.",https://en.wikipedia.org/wiki/Ferrari
Cars,Used Cars,"Used Cars is a 1980 American satirical black comedy film co-written and directed by Robert Zemeckis. The story follows Rudy Russo (Kurt Russell), a devious salesman, working for affable, but monumentally unsuccessful used-car dealer Luke Fuchs (Jack Warden). Luke's principal rival, located directly across the street, is his more prosperous brother, Roy L. Fuchs (also played by Warden), who is scheming to take over Luke's lot. The film also stars Deborah Harmon and Gerrit Graham, and the supporting cast includes Frank McRae, David L. Lander, Michael McKean, Joe Flaherty, Al Lewis, Dub Taylor, Harry Northup, Dick Miller, and Betty Thomas.
Steven Spielberg and John Milius acted as executive producers on the project, while the original musical score was composed by Patrick Williams. Filmed primarily in Mesa, Arizona, the film was released on July 11, 1980.
Although  a modest  box-office success at the time, it has since developed cult film status due to its dark, cynical humor and the Zemeckis style. It was marketed with the tagline, ""Like new, great looking, and fully loaded with laughs.""

",https://en.wikipedia.org/wiki/Used_Cars
Cars,Z-Cars,"Z-Cars or Z Cars (pronounced ""zed cars"") was a British television police procedural series centred on the work of mobile uniformed police and CID detectives in the fictional town of Newtown, based on Kirkby, near Liverpool. Produced by the BBC, it debuted in January 1962 and ran until September 1978.
The series differed sharply from earlier police procedurals. With its less-usual Northern England setting, it injected a new element of harsh realism into the image of the police, which some found unwelcome.
Z-Cars ran for 801 episodes, of which fewer than half have survived. Regular stars included: Stratford Johns (Detective Inspector Barlow), Frank Windsor (Det. Sgt. Watt), James Ellis (Bert Lynch) and Brian Blessed (""Fancy"" Smith). Barlow and Watt were later spun into a separate series Softly, Softly.

",https://en.wikipedia.org/wiki/Z-Cars
Cars,Production car speed record,"This is a list of the world's record-breaking top speeds achieved by street-legal production cars (as opposed to concept cars or modified cars). For the purposes of this list eligible cars are defined in the below list of rules. This list uses a different definition to the List of automotive superlatives. The variation is because the term production car is otherwise undefined.

",https://en.wikipedia.org/wiki/Production_car_speed_record
Cars,Electric car use by country,"Electric car use by country varies worldwide, as the adoption of plug-in electric vehicles is affected by consumer demand, market prices, availability of charging infrastructure, and government policies, such as purchase incentives and long term regulatory signals (ZEV mandates, CO2 emissions regulations, fuel economy standards, and phase-out of fossil fuel vehicles).
Plug-in electric vehicles (PEVs) are generally divided into all-electric or battery electric vehicles (BEVs), that run only on batteries, and plug-in hybrids (PHEVs), that combine battery power with internal combustion engines. The popularity of electric vehicles has been expanding rapidly due to government subsidies, improving charging infrastructure, their increasing range and lower battery costs, and environmental sensitivity. However, the stock of plug-in electric cars represented just 1% of all passengers vehicles on the world's roads by the end of 2020, of which pure electrics constituted two-thirds.
Global cumulative sales of highway-legal light-duty plug-in electric vehicles reached 1 million units in September 2015, 5 million in December 2018, and passed the 10 million milestone in 2020. By mid-2022, there were over 20 million light-duty plug-in vehicles on the world's roads. Sales of plug-in passenger cars achieved a 9% global market share of new car sales in 2021, up from 4.6% in 2020, and 2.5% in 2019.
The PEV market has been shifting towards fully electric battery vehicles. The global ratio between BEVs and PHEVs went from 56:44 in 2012, to 60:40 in 2015, and rose to 74:26 in 2019. The ratio was to 71:29 in 2021.
As of December 2023, China had the largest stock of highway legal plug-in passenger cars with 20.4 million units, almost half of the global fleet in use. China also dominates the plug-in light commercial vehicle and electric bus deployment, with its stock reaching over 500,000 buses in 2019, 98% of the global stock, and 247,500 electric light commercial vehicles, 65% of the global fleet.
Europe had about 11.8 million plug-in passenger cars at the end of 2023, accounting for around 30% of the global stock. Europe also has the world's second largest electric light commercial vehicle stock, with about 290,000 vans. As of December 2023, cumulative sales in the United States totaled 4.74 million plug-in cars since 2010, with California listed as the largest U.S. plug-in regional market with 1.77 million plug-in cars sold by 2023.
As of December 2021, Germany is the leading European country with 1.38 million plug-in cars registered since 2010.
Norway has the highest market penetration per capita in the world, and also has the world's largest plug-in segment market share of new car sales, 86.2% in 2021. Over 10% of all passenger cars on Norwegian roads were plug-ins in October 2018, and rose to 22% in 2021.
The Netherlands has the highest density of EV charging stations in the world by 2019.

",https://en.wikipedia.org/wiki/Electric_car_use_by_country
Cars,Caral,"The Sacred City of Caral-Supe, or simply Caral, is an archaeological site in Peru where the remains of the main city of the Caral civilization are found. It is located in the Supe valley of Peru, near the current town of Caral, 182 kilometers north of Lima, 23 km from the coast and 350 metres above sea level. It is attributed an antiquity of 5,000 years and it is considered the oldest city in the Americas and one of the oldest in the world. No other site has been found with such a diversity of monumental buildings or different ceremonial and administrative functions in the Americas as early as Caral. It has been declared a Humanity Cultural Heritage site by UNESCO.
The Caral culture developed between 3000 and 1800 B.C (Late Archaic and Lower Formative periods). In America, it is the oldest of the pre-Hispanic civilizations, developing 1,500 years earlier than the Olmec civilization, the first Mesoamerican complex society.
Closely related to the city of Caral was an early fishing city, Áspero or El Áspero, located on the coast near the mouth of the Supe River. There, remains of human sacrifices (two children and a newborn) have been found. In 2016, the remains were found of a woman, who presumably belonged to the local elite of 4,500 years ago.",https://en.wikipedia.org/wiki/Caral
Cars,Auto racing,"Auto racing (also known as car racing, motor racing, or automobile racing) is a motorsport involving the racing of automobiles for competition. In North America, the term is commonly used to describe all forms of automobile sport including non-racing disciplines.
Auto racing has existed since the invention of the automobile. Races of various types were organized, with the first recorded as early as 1867. Many of the earliest events were effectively reliability trials, aimed at proving these new machines were a practical mode of transport, but soon became an important way for automobile makers to demonstrate their machines. By the 1930s, specialist racing cars had developed.
There are now numerous different categories, each with different rules and regulations.",https://en.wikipedia.org/wiki/Auto_racing
Cars,Ginetta Cars,"Ginetta Cars Limited is a British specialist builder of racing and sports cars based in Garforth, Leeds, West Yorkshire.

",https://en.wikipedia.org/wiki/Ginetta_Cars
Cars,Rolls-Royce Motor Cars,"Rolls-Royce Motor Cars Limited is a British luxury automobile maker that has operated as a wholly owned subsidiary of BMW AG since 2003 – as the exclusive manufacturer of Rolls-Royce-branded motor cars. The company's administrative and production headquarters are located on the 42-acre (17 ha) Goodwood Estate in Goodwood, West Sussex, England, United Kingdom.
From 1906 to 2003, motor cars were manufactured and marketed under the Rolls-Royce brand by Rolls-Royce Limited and Rolls-Royce Motors. The Rolls-Royce Motor Cars subsidiary of BMW AG has no direct relationship to Rolls-Royce-branded vehicles produced before 2003, other than having briefly supplied components and engines. The Bentley Motors Limited subsidiary of Volkswagen AG is the direct successor to Rolls-Royce Motors and various other predecessor entities that produced Rolls-Royce and Bentley branded cars between the foundation of each company and 2003, when the BMW-controlled entity started producing cars under the Rolls-Royce brand.
The BBC called Rolls-Royce ""probably one of the most recognised icons in the world"", and that ""the name Rolls-Royce entered the English language as a superlative.""
The company's line of vehicles includes the Phantom, the top-of-the-line four-door saloon first offered in 2003 - as of January 2025, it is offered in two lengths; the smaller Ghost four-door saloon - also offered in two lengths; the Cullinan SUV, and the Spectre coupé. The last being Rolls-Royce's first electric car.",https://en.wikipedia.org/wiki/Rolls-Royce_Motor_Cars
Cars,Spyker Cars,"Spyker Cars (, Dutch pronunciation: [ˈspɛikər]) is a Dutch sports car brand held by the holding company Spyker N.V. (formerly known as Spyker Cars N.V. and Swedish Automobile N.V.). The modern Spyker Cars held the legal rights to the brand name. The company's motto is ""Nulla tenaci invia est via"", Latin for ""For the tenacious, no road is impassable"". The marque's logo displays an aircraft propeller superimposed over a spoked wheel, a reference to the historic Spyker company that manufactured automobiles and aircraft. In 2010, the company acquired Swedish car manufacturer Saab Automobile from General Motors.
In an attempt to save Spyker from bankruptcy, Swedish Automobile in September 2011, announced the immediate sale of Spyker to American private equity and hedge fund North Street Capital for €32 million (US$41 million), and subsequently changed its name to Swedish Automobile N.V. However, it was later revealed that the transaction did not occur.
On December 18, 2014, Spyker confirmed that it had gone bankrupt, hoping to restructure its finances and getting back on its feet. The bankruptcy declaration was reverted early 2015 and the company announced to continue with the production of sports cars. In 2021, it went bankrupt again. In January 2022, Spyker announced a return to building cars after being backed by Russian investors.",https://en.wikipedia.org/wiki/Spyker_Cars
Cars,Car dealership,"A car dealership, or car dealer, is a business that sells new or used cars, at the retail level, based on a dealership contract with an automaker or its sales subsidiary. Car dealerships also often sell spare parts and automotive maintenance services.
In the United States, car dealerships have historically been an important source of state and local sales taxes. They have considerable political influence and have lobbied for regulations that guarantee their survival and profitability. By 2010, all US states had laws that prohibited manufacturers from side-stepping independent car dealerships and selling cars directly to consumers. By 2009, most states imposed restrictions on the creation of new dealerships to compete with incumbent dealerships.
Economists have characterized these regulations as a form of rent-seeking that extracts rents from manufacturers of cars, increases costs for consumers, and limits entry of new car dealerships while raising profits for incumbent car dealers. Research shows that as a result of these laws, retail prices for cars are higher than they otherwise would be.

",https://en.wikipedia.org/wiki/Car_dealership
Cars,Red Cars,"Red Cars is an artist's book realized by Canadian film director David Cronenberg edited by Luca Massimo Barbero, Domenico De Gaetano & Donato Santeramo, in collaboration with Volumina. The project is an interpretation, in the form of an artbook, of the screenplay Red Cars that he planned on turning into a film. The resulting book, ""largely missed by critics"", was published in 2005.
The plot is about the 1961 Formula One Championship rivalry between Ferrari drivers Phil Hill and Wolfgang von Trips. It includes a script for the yet-to-be-made movie. The book is hand-bound with an aluminum cover. It was published as a coffee-table book and limited to 1000 copies, as a ""self-conscious object d’art."" Cronenberg describes it as a ""way for me to create my film without actors and film crew this book linked to a website and to an exhibition.""
An avid race fan, Cronenberg has said that the planned big budget film about auto racing stalled due to the demands of Formula One head, Bernie Ecclestone. In 1986, Cronenberg was asked by then Paramount Pictures executive, Ned Tanen, to develop a Formula One movie. Paramount sent Cronenberg to Australia and Mexico to do reconnaissance of Grand Prix races. Cronenberg explained: ""I had meetings with Bernie to talk to him about how we might structure a Formula One movie that was modern at the time and could we, for example, invent a team and have a pit for our team."" While Ecclestone was at first receptive to the proposals, according to Cronenberg, his requirements would have been expensive: ""ultimately it would have come down to money.""

",https://en.wikipedia.org/wiki/Red_Cars
Cars,List of Toyota vehicles,"Toyota has produced and marketed vehicles since 1935. Most vehicles sold today are designed and manufactured by Toyota, while some vehicles are produced by other companies and supplied to Toyota through an OEM supply basis. Many models are limited to some regions, while some others are marketed worldwide. This list does not include vehicles from Lexus, Scion, Daihatsu or Hino brands.",https://en.wikipedia.org/wiki/List_of_Toyota_vehicles
Cars,Waymo,"Waymo LLC, formerly known as the Google Self-Driving Car Project, is an American autonomous driving technology company headquartered in Mountain View, California. It is a subsidiary of Google's parent company (Alphabet Inc).
The company traces its origins to the Stanford Racing Team, which competed in the 2005 and 2007 Defense Advanced Research Projects Agency (DARPA) Grand Challenges. Google's development of self-driving technology began in January 2009, led by Sebastian Thrun, the former director of the Stanford Artificial Intelligence Laboratory (SAIL), and Anthony Levandowski, founder of 510 Systems and Anthony's Robots. After almost two years of road testing, the project was revealed in October 2010.
In fall 2015, Google provided ""the world's first fully driverless ride on public roads"". In December 2016, the project was renamed Waymo and spun out of Google as part of Alphabet. In October 2020, Waymo became the first company to offer service to the public without safety drivers in the vehicle. Waymo, as of 2025, operates commercial robotaxi services in  Phoenix (Arizona) ,  San Francisco (California), Silicon Valley (California), Los Angeles (California),, Miami, Florida and Austin, Texas with new services planned in Atlanta, Georgia and Tokyo, Japan. As of April 2025, it offers over 250,000 paid rides per week, totalling over 1 million miles weekly.
Waymo is run by co-CEOs Tekedra Mawakana and Dmitri Dolgov. The company raised US$5.5 billion in multiple outside funding rounds by 2022 and raised $5.6 billion funding in 2024. Waymo has or had partnerships with multiple vehicle manufacturers, including Stellantis, Mercedes-Benz Group AG, Jaguar Land Rover, and Volvo Cars.

",https://en.wikipedia.org/wiki/Waymo
Cars,List of best-selling automobiles,"Since the introduction of the Benz Patent Motorwagen in 1886, some passenger cars and light trucks can claim to being the highest selling vehicles in the automobile markets.
While references to verify the manufacturers' claims have been included, there is always the possibility of inaccuracy or hyperbole. A single vehicle can be sold concurrently under several nameplates in different markets, as with for example the Nissan Sunny; in such circumstances manufacturers often provide only cumulative units sold figures for all models. As a result, there is no definitive standard for measuring units sold; Chrysler minivans has sold over 16 million worldwide, while Volkswagen has claimed its Beetle is the best-selling car in history, as it did not substantially change throughout its production run. By contrast, Toyota has applied the Corolla nameplate to 12 generations since 1966, which have sold over 50 million through 2021.

",https://en.wikipedia.org/wiki/List_of_best-selling_automobiles
Cars,Armored car,Armored (or armoured) car may refer to:,https://en.wikipedia.org/wiki/Armored_car
Cars,Volkswagen,"Volkswagen (VW; German pronunciation: [ˈfolksˌvaːɡn̩] ) is a German automobile manufacturer based in Wolfsburg, Lower Saxony, Germany. Established in 1937 by The German Labour Front, it was revitalized into the global brand it is today after World War II by British Army officer Ivan Hirst. The company is well known for the Beetle and serves as the flagship marque of the Volkswagen Group, which became the world's largest automotive manufacturer by global sales in 2016 and 2017. 
The group's largest market is China (including Hong Kong and Macau), which accounts for 40% of its sales and profits. The name Volkswagen derives from the German words Volk and Wagen, meaning 'people's car'.

",https://en.wikipedia.org/wiki/Volkswagen
Cars,Luxury car,"A luxury car is a passenger automobile providing superior comfort levels, features, and equipment. More expensive materials and surface finishes are used, and buyers expect a correspondingly high build quality.
The term is relative and unavoidably subjective, reflecting both objective qualities of a car and projected and perceived image of the vehicle's marque. Luxury brands rank above premium brands, though there is no clear distinction between the two.
Luxury cars span from sports cars to large saloons and sport utility vehicles. ""Compact"" luxury vehicles also fill a niche.

",https://en.wikipedia.org/wiki/Luxury_car
Cars,Sports car,"A sports car is a type of car that is designed with an emphasis on dynamic performance, such as handling, acceleration, top speed, the thrill of driving, and racing capability. Sports cars originated in Europe in the early 1910s and are currently produced by many manufacturers around the world.

",https://en.wikipedia.org/wiki/Sports_car
Cars,Lightning McQueen,"Lightning McQueen is a fictional anthropomorphic stock car and the protagonist of the Disney/Pixar Cars franchise. He was developed by John Lasseter and co-director Joe Ranft from a story concept by Jorgen Klubien. Lightning's appearances include the feature films Cars, Cars 2, and Cars 3, as well as the animated series Cars Toons and Cars on the Road. He is also a playable character in each of the Cars video game installments. Primarily voiced by Owen Wilson, Lightning is recognizable by his red body with yellow and orange lightning bolt stickers featuring his racing number on his sides.
In Cars, Lightning begins as a talented but cocky rookie in the Piston Cup racing series who becomes stranded in the small town of Radiator Springs, where he learns about humility and friendship from the locals. Over his professional racing career, he achieves several Piston Cup victories. In Cars 2, he competes in the World Grand Prix, while his friend Tow Mater is unwittingly dragged into a spy mission. In Cars 3, he struggles to come to terms with retirement and assumes the role of Cruz Ramirez's mentor.
Despite receiving a mixed reaction from critics in the first film, Lightning has become a recognizable face and mascot of the Cars franchise. He has been widely merchandised in the form of branded toy cars and other products. He has been mentioned in commentary by NASCAR racing drivers, including Kyle Busch and Chris Buescher, and his achievements have been discussed by sports journalist Stephen A. Smith. Critics have described him as one of the greatest or most iconic cars in film.

",https://en.wikipedia.org/wiki/Lightning_McQueen
Cars,Spartan Cars,"Spartan Cars was a manufacturer of kit cars which operated from 1973 to 1995 initially based in Mapperley Plains, Nottingham moving in 1978 to Pinxton, Derbyshire, United Kingdom. The company was founded by Jim McIntyre, who had been running a vehicle repair business in Nottingham. The name was not a reference to the Spartan fighters, so much as a tongue-in-cheek reference to the economic conditions in the United Kingdom at the time the company was first formed.
Steve Beardsall, who had been the production manager, took over in about 1991 and oversaw the introduction of the Treka model.
Over 4000 kits were produced and they have been exported to over 23 countries.",https://en.wikipedia.org/wiki/Spartan_Cars
Food,Food,"Food is any substance consumed by an organism for nutritional support. Food is usually of plant, animal, or fungal origin and contains essential nutrients such as carbohydrates, fats, proteins, vitamins, or minerals. The substance is ingested by an organism and assimilated by the organism's cells to provide energy, maintain life, or stimulate growth. Different species of animals have different feeding behaviours that satisfy the needs of their metabolisms and have evolved to fill a specific ecological niche within specific geographical contexts.
Omnivorous humans are highly adaptable and have adapted to obtaining food in many different ecosystems. Humans generally use cooking to prepare food for consumption. The majority of the food energy required is supplied by the industrial food industry, which produces food through intensive agriculture and distributes it through complex food processing and food distribution systems. This system of conventional agriculture relies heavily on fossil fuels, which means that the food and agricultural systems are one of the major contributors to climate change, accounting for as much as 37% of total greenhouse gas emissions.
The food system has a significant impact on a wide range of other social and political issues, including sustainability, biological diversity, economics, population growth, water supply, and food security. Food safety and security are monitored by international agencies, like the International Association for Food Protection, the World Resources Institute, the World Food Programme, the Food and Agriculture Organization, and the International Food Information Council.",https://en.wikipedia.org/wiki/Food
Food,"Food, Glorious Food","""Food, Glorious Food"", written by Lionel Bart, is the opening song from the 1960s West End and Broadway musical (and 1968 film) Oliver!.

","https://en.wikipedia.org/wiki/Food,_Glorious_Food"
Food,FOOD (New York City restaurant),"FOOD was an artist-run restaurant in SoHo, Manhattan, New York. FOOD was founded by artists Carol Goodden, Tina Girouard and Gordon Matta-Clark. FOOD was considered one of the first important restaurants in SoHo. Other individuals who were involved with FOOD included Suzanne Harris and Rachel Lew. FOOD was a place where artists in SoHo, especially those who were later involved in Avalanche magazine and the Anarchitecture group, could meet and enjoy food together. FOOD was considered to be both a business and an artistic ""intervention in an urban setting."" It has also been called a ""landmark that still resonates in the history and mythology of SoHo in the 1970s.""",https://en.wikipedia.org/wiki/FOOD_(New_York_City_restaurant)
Food,Food Food Maha Challenge,"Food Food Maha Challenge is an Indian competitive cooking game show on Food Food TV channel. It is produced by FremantleMedia. Chef Sanjeev Kapoor and Madhuri Dixit serve as the show's main judges. 
The first episode aired on 9 September 2011, and the season one finale was broadcast on 2 December 2011. The first winner of Food Food Maha Challenge was Saransh Goila, a 24-year-old actor and chef from Delhi.",https://en.wikipedia.org/wiki/Food_Food_Maha_Challenge
Food,Burkina Faso,"Burkina Faso is a landlocked country in West Africa, bordered by Mali to the northwest, Niger to the northeast, Benin to the southeast, Togo and Ghana to the south, and Ivory Coast to the southwest. It covers an area of 274,223 km2 (105,878 sq mi). In 2024, the country had an estimated population of approximately 23,286,000. Previously called the Republic of Upper Volta (1958–1984), it was renamed Burkina Faso by former president Thomas Sankara. Its citizens are known as Burkinabè, and its capital and largest city is Ouagadougou.
The largest ethnic group in Burkina Faso is the Mossi people, who settled the area in the 11th and 13th centuries. They established powerful kingdoms such as Ouagadougou, Tenkodogo, and Yatenga. In 1896, it was colonized by the French as part of French West Africa; in 1958, Upper Volta became a self-governing colony within the French Community. In 1960, it gained full independence with Maurice Yaméogo as president. Since it gained its independence, the country has been subject to instability, droughts, famines and corruption. There have also been various coups, in 1966, 1980, 1982, 1983, 1987, and twice in 2022 (January and September). There were also unsuccessful coup attempts in 1989, 2015, and 2023.
Thomas Sankara came to power following a successful coup in 1983. As president, Sankara embarked on a series of ambitious socioeconomic reforms which included a nationwide literacy campaign, land redistribution to peasants, vaccinations for over 2 million children, railway and road construction, equalized access to education, and the outlawing of female genital mutilation, forced marriages, and polygamy. He served as the country's president until 1987 when he was deposed and assassinated in a coup led by Blaise Compaoré, who became president and ruled the country until his removal on 31 October 2014.
Since the mid-2010s, Burkina Faso has been severely affected by the rise of insurgencies in the Sahel. Several militias, partly allied with the Islamic State (IS) or al-Qaeda, operate in Burkina Faso and across the border in Mali and Niger. More than one million of the country's 23 million inhabitants are internally displaced persons. Burkina Faso's military seized power in a coup d'état on 23 and 24 January 2022, overthrowing President Roch Marc Christian Kaboré. On 31 January, the military junta restored the constitution and appointed Paul-Henri Sandaogo Damiba as interim president, but he was himself overthrown in a second coup on 30 September and replaced by military captain Ibrahim Traoré.
Burkina Faso remains one of the least developed countries in the world, with a GDP of $16.226 billion in 2022. Approximately 63.8% of its population practices Islam, while 26.3% practices Christianity. The country's four official languages are Mooré, Bissa, Dyula and Fula, with the first one  being spoken by over half the population; the Burkinabè government also officially recognizes 60 indigenous languages. The former government and business language was French until January 2024, whose status was demoted to that of a ""working language"" alongside English by ratification of a constitutional amendment.
The country's territory is geographically biodiverse, and includes plentiful reserves of gold, manganese, copper and limestone. Due to its multicultural make-up, Burkinabè art has a rich and long history, and is globally renowned for its orthodox style. The country is governed as a semi-presidential republic, with executive, legislative and judicial powers. It is a member of the United Nations, La Francophonie and the Organisation of Islamic Cooperation. On 18 January 2024, Burkina Faso announced its exit from ECOWAS and the African Union after it helped form the Alliance of Sahel States (AES).

",https://en.wikipedia.org/wiki/Burkina_Faso
Food,Paya (food),"Paya is a traditional food from South Asia. It is served at various festivals and gatherings, or made for special guests. Paya means 'leg'/'feet' in Hindi and Urdu languages. The main ingredients of the dish are the trotters (hooves) of a cow, goat, buffalo, or sheep, cooked with various spices.",https://en.wikipedia.org/wiki/Paya_(food)
Food,Sorted Food,"Sorted Food is a British YouTube channel and food community created on 10 March 2010, by Benjamin Ebbrell, Michael Huttlestone, Jamie Spafford, and Barry Taylor. In addition to producing cooking videos and live events, Sorted Food publishes cookbooks and manages the subscription-based recipe app ""Sidekick"".",https://en.wikipedia.org/wiki/Sorted_Food
Food,Balut (food),"Balut ( bə-LOOT,  BAH-loot; also spelled as balot) is a fertilized developing egg embryo that is boiled or steamed and eaten from the shell. It is commonly sold as street food, often eaten with salt and vinegar, most notably in the Philippines, Cambodia (Khmer: ពងទាកូន, paung tea kaun), and Vietnam (Vietnamese: trứng vịt lộn, hột vịt lộn), and also occasionally in Thailand (Thai: ไข่ข้าว, romanized: khai khao).
The length of incubation before the egg is cooked is a matter of local preference, but generally ranges from two to three weeks.

",https://en.wikipedia.org/wiki/Balut_(food)
Food,Food processing,"Food processing is the transformation of agricultural products into food, or of one form of food into other forms. Food processing takes many forms, from grinding grain into raw flour, home cooking, and complex industrial methods used in the making of convenience foods.  Some food processing methods play important roles in reducing food waste and improving food preservation, thus reducing the total environmental impact of agriculture and improving food security.
The Nova classification groups food according to different food processing techniques.
Primary food processing is necessary to make most foods edible while secondary food processing turns ingredients into familiar foods, such as bread. Tertiary food processing results in ultra-processed foods and has been widely criticized for promoting overnutrition and obesity, containing too much sugar and salt, too little fiber, and otherwise being unhealthful in respect to dietary needs of humans and farm animals.

",https://en.wikipedia.org/wiki/Food_processing
Food,Food (disambiguation),"Food is a substance that can be consumed by organisms, especially by eating, in order to sustain life. It generally provides nutrition and acts as a fuel for the working of a body.
Food may also refer to:",https://en.wikipedia.org/wiki/Food_(disambiguation)
Food,Soul food,"Soul food is the ethnic cuisine of African Americans. Originating in the American South from the cuisines of enslaved Africans transported from Africa through the Atlantic slave trade, soul food is closely associated with the cuisine of the Southern United States. The expression ""soul food"" originated in the mid-1960s when ""soul"" was a common word used to describe African-American culture. Soul food uses cooking techniques and ingredients from West African, Central African, Western European, and Indigenous cuisine of the Americas.
The cuisine was initially denigrated as low quality and belittled because of its origin. It was seen as low-class food, and African Americans in the North looked down on their Black Southern compatriots who preferred soul food (see the Great Migration). The concept evolved from describing the food of slaves in the South, to being taken up as a primary source of pride in the African American community even in the North, such as in New York City, Chicago and Detroit.
Soul food historian Adrian Miller said the difference between soul food and Southern food is that soul food is intensely seasoned and uses a variety of meats to add flavor to food and adds a variety of spicy and savory sauces. These spicy and savory sauces add robust flavor. This method of preparation was influenced by West African cuisine where West Africans create sauces to add flavor and spice to their food. Black Americans also add sugar to make cornbread, while ""white southerners say when you put sugar in corn bread, it becomes cake"". European immigrants seasoned and flavored their food using salt, pepper, and spices. African Americans add more spices, and hot and sweet sauces to increase the spiciness, or heat of their food. Bob Jeffries, the author of Soul Food Cookbook, said the difference between soul food and Southern food is: ""While all soul food is Southern food, not all Southern food is soul. Soul food cooking is an example of how really good Southern [African-American] cooks cooked with what they had available to them.""
Impoverished White and Black people in the South cooked many of the same dishes stemming from Southern cooking traditions, but styles of preparation sometimes varied. Certain techniques popular in soul and other Southern cuisines (i.e., frying meat and using all parts of the animal for consumption) are shared with cultures all over the world.",https://en.wikipedia.org/wiki/Soul_food
Food,Comfort food,"Comfort food is food that provides a nostalgic or sentimental value to someone and may be characterized by its high caloric nature associated with childhood or home cooking. The nostalgia may be specific to an individual or it may apply to a specific culture.

",https://en.wikipedia.org/wiki/Comfort_food
Food,Doria (food),"Doria (ドリア, doria) is a type of rice gratin popular in Japan. Cooked white rice is topped with sautéed meat, such as chicken or shrimp, and vegetables, then topped with a béchamel sauce and cheese, and baked as a casserole. Doria is an example of yōshoku, Western food tailored to Japanese tastes.",https://en.wikipedia.org/wiki/Doria_(food)
Food,Food coloring,"Food coloring, color additive or colorant is any dye, pigment, or substance that imparts color when it is added to food or beverages. Colorants can be supplied as liquids, powders, gels, or pastes. Food coloring is commonly used in commercial products and in domestic cooking.
Food colorants are also used in various non-food applications, including cosmetics, pharmaceuticals, home craft projects, and medical devices. Some colorings may be natural, such as with carotenoids and anthocyanins extracted from plants or cochineal from insects, or may be synthesized, such as tartrazine yellow.
In the manufacturing of foods, beverages and cosmetics, the safety of colorants is under constant scientific review and certification by national regulatory agencies, such as the European Food Safety Authority (EFSA) and US Food and Drug Administration (FDA), and by international reviewers, such as the Joint FAO/WHO Expert Committee on Food Additives.

",https://en.wikipedia.org/wiki/Food_coloring
Food,Food chain,"A food chain is a linear network of links in a food web, often starting with an autotroph (such as grass or algae), also called a producer, and typically ending at an apex predator (such as grizzly bears or killer whales), detritivore (such as earthworms and woodlice), or decomposer (such as fungi or bacteria). It is not the same as a food web. A food chain depicts relations between species based on what they consume for energy in trophic levels, and they are most commonly quantified in length: the number of links between a trophic consumer and the base of the chain.
Food chain studies play an important role in many biological studies.
Food chain stability is very important for the survival of most species. When only one element is removed from the food chain it can result in extinction or immense decreases of survival of a species. Many food chains and food webs contain a keystone species, a species that has a large impact on the surrounding environment and that can directly affect the food chain. If a keystone species is removed it can set the entire food chain off balance.
The efficiency of a food chain depends on the energy first consumed by the primary producers. This energy then moves through the trophic levels.

",https://en.wikipedia.org/wiki/Food_chain
Food,Food web,"A food web is the natural interconnection of food chains and a graphical representation of what-eats-what in an ecological community. Position in the food web, or trophic level, is used in ecology to broadly classify organisms as autotrophs or heterotrophs. This is a non-binary classification; some organisms (such as carnivorous plants) occupy the role of mixotrophs, or autotrophs that additionally obtain organic matter from non-atmospheric sources.
The linkages in a food web illustrate the feeding pathways, such as where heterotrophs obtain organic matter by feeding on autotrophs and other heterotrophs. The food web is a simplified illustration of the various methods of feeding that link an ecosystem into a unified system of exchange. There are different kinds of consumer–resource interactions that can be roughly divided into herbivory, carnivory, scavenging, and parasitism. Some of the organic matter eaten by heterotrophs, such as sugars, provides energy. Autotrophs and heterotrophs come in all sizes, from microscopic to many tonnes - from cyanobacteria to giant redwoods, and from viruses and bdellovibrio to blue whales.
Charles Elton pioneered the concept of food cycles, food chains, and food size in his classical 1927 book ""Animal Ecology""; Elton's 'food cycle' was replaced by 'food web' in a subsequent ecological text. Elton organized species into functional groups, which was the basis for Raymond Lindeman's classic and landmark paper in 1942 on trophic dynamics. Lindeman emphasized the important role of decomposer organisms in a trophic system of classification. The notion of a food web has a historical foothold in the writings of Charles Darwin and his terminology, including an ""entangled bank"", ""web of life"", ""web of complex relations"", and in reference to the decomposition actions of earthworms he talked about ""the continued movement of the particles of earth"". Even earlier, in 1768 John Bruckner described nature as ""one continued web of life"".
Food webs are limited representations of real ecosystems as they necessarily aggregate many species into trophic species, which are functional groups of species that have the same predators and prey in a food web. Ecologists use these simplifications in quantitative (or mathematical representation) models of trophic or consumer-resource systems dynamics. Using these models they can measure and test for generalized patterns in the structure of real food web networks. Ecologists have identified non-random properties in the topological structure of food webs. Published examples that are used in meta analysis are of variable quality with omissions. However, the number of empirical studies on community webs is on the rise and the mathematical treatment of food webs using network theory had identified patterns that are common to all. Scaling laws, for example, predict a relationship between the topology of food web predator-prey linkages and levels of species richness.",https://en.wikipedia.org/wiki/Food_web
Food,Food industry,"The food industry is a complex, global network of diverse businesses that supplies most of the food consumed by the world's population. The food industry today has become highly diversified, with manufacturing ranging from small, traditional, family-run activities that are highly labour-intensive, to large, capital-intensive and highly mechanized industrial processes. Many food industries depend almost entirely on local agriculture, animal farms, produce, and/or fishing.
It is challenging to find an inclusive way to cover all aspects of food production and sale. The UK Food Standards Agency describes it as ""the whole food industry – from farming and food production, packaging and distribution, to retail and catering"". The Economic Research Service of the USDA uses the term food system to describe the same thing, stating: ""The U.S. food system is a complex network of farmers and the industries that link to them. Those links include makers of farm equipment and chemicals as well as firms that provide services to agribusinesses, such as providers of transportation and financial services. The system also includes the food marketing industries that link farms to consumers, and which include food and fiber processors, wholesalers, retailers, and foodservice establishments."" The food industry includes:

Agriculture: raising crops, livestock, and seafood. Agricultural economics.
Manufacturing: agrichemicals, agricultural construction, farm machinery and supplies, seed, etc.
Food processing: preparation of fresh products for market, and manufacture of prepared food products
Marketing: promotion of generic products (e.g., milk board), new products, advertising, marketing campaigns, packaging, public relations, etc.
Wholesale and food distribution: logistics, transportation, warehousing
Foodservice (which includes catering)
Grocery, farmers' markets, public markets and other retailing
Regulation: local, regional, national, and international rules and regulations for food production and sale, including food quality, food security, food safety, marketing/advertising, and industry lobbying activities
Education: academic, consultancy, vocational
Research and development: food science, food microbiology, food technology, food chemistry, and food engineering
Financial services: credit, insurance
Areas of research such as food grading, food preservation, food rheology, food storage directly deal with the quality and maintenance of quality overlapping many of the above processes.
Only subsistence farmers, those who survive on what they grow, and hunter-gatherers can be considered outside the scope of the modern food industry.
The dominant companies in the food industry have sometimes been referred to as Big Food, a term coined by the writer Neil Hamilton.

",https://en.wikipedia.org/wiki/Food_industry
Food,Food science,"Food science (or bromatology) is the basic science and applied science of food; its scope starts at overlap with agricultural science and nutritional science and leads through the scientific aspects of food safety and food processing, informing the development of food technology.
Food science brings together multiple scientific disciplines. It incorporates concepts from fields such as chemistry, physics, physiology, microbiology, and biochemistry. Food technology incorporates concepts from chemical engineering, for example.
Activities of food scientists include the development of new food products, design of processes to produce these foods, choice of packaging materials, shelf-life studies, sensory evaluation of products using survey panels or potential consumers, as well as microbiological and chemical testing. Food scientists may study more fundamental phenomena that are directly linked to the production of food products and its properties.

",https://en.wikipedia.org/wiki/Food_science
Food,Soul Food,"Soul food is a type of cuisine.
Soul Food may also refer to:",https://en.wikipedia.org/wiki/Soul_Food
Food,Fast food,"Fast food is a type of mass-produced food designed for commercial resale, with a strong priority placed on speed of service. Fast food is a commercial term, limited to food sold in a restaurant or store with frozen, preheated or precooked ingredients and served in packaging for take-out or takeaway. Fast food was created as a commercial strategy to accommodate large numbers of busy commuters, travelers and wage workers. In 2018, the fast-food industry was worth an estimated $570 billion globally.
The fastest form of ""fast food"" consists of pre-cooked meals which reduce waiting periods to mere seconds. Other fast-food outlets, primarily hamburger outlets such as McDonald's and Burger King, use mass-produced, pre-prepared ingredients (bagged buns and condiments, frozen beef patties, vegetables which are pre-washed, pre-sliced, or both; etc.) and cook the meat and french fries fresh, before assembling ""to order"".
Fast-food restaurants are traditionally distinguished by the drive-through. Outlets may be stands or kiosks, which may provide no shelter or seating, or fast-food restaurants (also known as quick-service restaurants). Franchise operations that are part of restaurant chains have standardized foodstuffs shipped to each restaurant from central locations.
Many fast foods tend to be high in saturated fat, sugar, salt and calories. Fast-food consumption has been linked to increased risk of cardiovascular disease, colorectal cancer, obesity, high cholesterol, insulin resistance conditions and depression. These correlations remain strong even when controlling for confounding lifestyle variables, suggesting a strong association between fast-food consumption and increased risk of disease and early mortality.

",https://en.wikipedia.org/wiki/Fast_food
Food,Lists of foods,"This is a categorically organized list of foods. Food is any substance consumed to provide nutritional support for the body. It is produced either by plants, animals, or fungi, and contains essential nutrients, such as carbohydrates, fats, proteins, vitamins, and minerals. The substance is ingested by an organism and assimilated by the organism's cells in an effort to produce energy, maintain life, or stimulate growth.
Note: due to the high number of foods in existence, this article is limited to being organized categorically, based upon the main subcategories within the Foods category page, along with information about main categorical topics and list article links.",https://en.wikipedia.org/wiki/Lists_of_foods
Food,Staple food,"A staple food, food staple, or simply staple, is a food that is eaten often and in such quantities that it constitutes a dominant portion of a standard diet for an individual or a population group, supplying a large fraction of energy needs and generally forming a significant proportion of the intake of other nutrients as well.  For humans, a staple food of a specific society may be eaten as often as every day or every meal, and most people live on a diet based on just a small variety of food staples. Specific staples vary from place to place, but typically are inexpensive or readily available foods that supply one or more of the macronutrients and micronutrients needed for survival and health: carbohydrates, proteins, fats, minerals, and vitamins. Typical examples include grains (cereals and legumes), seeds, nuts and root vegetables (tubers and roots). Among them, cereals (rice, wheat, oat, maize, etc.), legumes (lentils and beans) and tubers (e.g. potato, taro and yam) account for about 90% of the world's food calorie intake.
Early agricultural civilizations valued the crop foods that they established as staples because, in addition to providing necessary nutrition, they generally are suitable for storage over long periods of time without decay. Such nonperishable foods are the only possible staples during seasons of shortage, such as dry seasons or cold temperate winters, against which times harvests have been stored. During seasons of surplus, wider choices of foods may be available.

",https://en.wikipedia.org/wiki/Staple_food
Food,Food for the Soul,"Food for the Soul (日々は過ぎれど飯うまし, Hibi wa Sugiredo Meshi Umashi, lit. ""Days Goes By But Food Is Delicious"") is an original Japanese anime television series created by Atto, the author of Non Non Biyori, produced by Aniplex and animated by P.A. Works. It premiered in April 2025. A manga adaptation illustrated by Quro began serialization on Media Factory's Comic Alive+ manga website in March 2025.",https://en.wikipedia.org/wiki/Food_for_the_Soul
Food,Salo (food),"Salo or slanina is a European food consisting of salt-cured slabs of pork subcutaneous fat with or without skin and with or without layers of meat. It is commonly eaten and known under different names across Central, Eastern and Southeastern Europe. It is usually dry salt or brine cured. The East Slavic, Hungarian and Romanian variety may also be cured with paprika or other seasonings added, whereas the South and West Slavic version is often smoked.
The Slavic word ""salo"" or ""slanina"" as applied to this type of food is often translated to English as ""bacon"", ""lard"" or ""fatback"" in general, depending on context. Unlike bacon, salo contains more fat than lean meat and unlike lard, salo is not rendered. It is similar to Italian lardo, the main difference is that  lardo is sliced for curing.

",https://en.wikipedia.org/wiki/Salo_(food)
Food,Food studies,"Food studies is the critical examination of food and its contexts within science, art, history, society, and other fields. It is distinctive from other food-related areas of study such as nutrition, agriculture, gastronomy, and culinary arts in that it tends to look beyond the  consumption, production, and aesthetic appreciation of food and tries to illuminate food as it relates to multiple academic fields.",https://en.wikipedia.org/wiki/Food_studies
Food,Eggs as food,"Humans and other hominids have consumed eggs for millions of years. The most widely consumed eggs are those of fowl, especially chickens. People in Southeast Asia began harvesting chicken eggs for food by 1500 BCE. Eggs of other birds, such as ducks and ostriches, are eaten regularly but much less commonly than those of chickens. People may also eat the eggs of reptiles, amphibians, and fish. Fish eggs consumed as food are known as roe or caviar.
Hens and other egg-laying creatures are raised throughout the world, and mass production of chicken eggs is a global industry. In 2009, an estimated 62.1 million metric tons of eggs were produced worldwide from a total laying flock of approximately 6.4 billion hens. There are issues of regional variation in demand and expectation, as well as current debates concerning methods of mass production. In 2012, the European Union banned battery husbandry of chickens.

",https://en.wikipedia.org/wiki/Eggs_as_food
Food,Organic food,"Organic food, also known as ecological or biological food, refers to foods and beverages produced using methods that comply with the standards of organic farming. Standards vary worldwide, but organic farming features practices that cycle resources, promote ecological balance, and conserve biodiversity. Organizations regulating organic products may restrict the use of certain pesticides and fertilizers in the farming methods used to produce such products. Organic foods are typically not processed using irradiation, industrial solvents, or synthetic food additives.
In the 21st century, the European Union, the United States, Canada, Mexico, Japan, and many other countries require producers to obtain special certification to market their food as organic. Although the produce of kitchen gardens may actually be organic, selling food with an organic label is regulated by governmental food safety authorities, such as the National Organic Program of the US Department of Agriculture (USDA) or the European Commission (EC).
From an environmental perspective, fertilizing, overproduction, and the use of pesticides in conventional farming may negatively affect ecosystems, soil health, biodiversity, groundwater, and drinking water supplies. These environmental and health issues are intended to be minimized or avoided in organic farming.
Demand for organic foods is primarily driven by consumer concerns for personal health and the environment, such as the detrimental environmental impacts of pesticides. From the perspective of scientists and consumers, there is insufficient evidence in the scientific and medical literature to support claims that organic food is either substantially safer or healthier to eat than conventional food.
Organic agriculture has higher production costs and lower yields, higher labor costs, and higher consumer prices as compared to conventional farming methods.

",https://en.wikipedia.org/wiki/Organic_food
Food,Paste (food),"A food paste is a semi-liquid colloidal suspension, emulsion, or aggregation used in food preparation or eaten directly as a spread. Pastes are often highly spicy or aromatic, are often prepared well in advance of actual usage, and are often made into a preserve for future use. Common pastes are some fruit preserves, curry pastes, and nut pastes. Purées are food pastes made from already cooked ingredients.
Some food pastes are considered to be condiments and are used directly, while others are made into sauces, which are more liquidy than paste. Ketchup and prepared mustard are pastes that are used both directly as condiments and as ingredients in sauces.
Many food pastes are an intermediary stage in the preparation of food. Perhaps the most notable of such intermediary food pastes is dough. A paste made of fat and flour and often stock or milk is an important intermediary for the basis for a sauce or a binder for stuffing, whether called a beurre manié, a roux or panada. Sago paste is an intermediary stage in the production of sago meal and sago flour from sago palms.
Food for babies and adults who have lost their teeth is often prepared as food pastes. Baby food is often very bland, while older adults often desire increased spiciness in their food pastes.

",https://en.wikipedia.org/wiki/Paste_(food)
Food,Terrine (food),"A terrine (French pronunciation: [tɛ.ʁin]), in traditional French cuisine, is a loaf of forcemeat or aspic, similar to a pâté, that is cooked in a covered pottery mold (also called a terrine) in a bain-marie. Modern terrines do not necessarily contain meat or animal fat, but still contain meat-like textures and fat substitutes, such as mushrooms and pureed fruits or vegetables high in pectin. They may also be cooked in a wide variety of non-pottery terrine moulds, such as stainless steel, aluminium, enameled cast iron, and ovenproof plastic.
Terrines are usually served cold or at room temperature. Most terrines contain a large amount of fat, although it is often not the main ingredient, and pork; many terrines are made with typical game meat, such as pheasant and hare. In the past, terrines were under the province of professional charcutiers, along with sausages, pâtés, galantines, and confit. Less commonly, a terrine may be another food cooked or served in the cooking dish called a 'terrine'.",https://en.wikipedia.org/wiki/Terrine_(food)
Food,Easter food,"The holiday of Easter is associated with various Easter customs and foodways (food traditions that vary regionally). Preparing, coloring, and decorating Easter eggs is one such popular tradition. Lamb is eaten in many countries, mirroring the Jewish Passover meal.
Eating lamb at Easter has a religious meaning. The Paschal Lamb of the New Testament is in fact, for Christianity, the son of God Jesus Christ. The Paschal Lamb, in particular, represents the sacrifice of Jesus Christ for the sins of humanity. Eating lamb at Easter therefore commemorates the Death and Resurrection of Jesus.

",https://en.wikipedia.org/wiki/Easter_food
Food,Food Food (TV channel),"Food Food is an Indian food and lifestyle channel that was launched in January 2011. It is a joint venture between Malaysia-based Astro Overseas Limited (Astro), Sanjeev Kapoor, Kartik Gaikwad and Mogae Consultants. Food Food is available on satellite in India through Tata Sky, Videocon D2H, Airtel Digital TV and other major cable networks and MSOs across India. The channel is also available in US, Canada, UAE, Qatar and Mauritius. Food Food is the first Indian channel that is shot entirely in high definition.
The channel airs cooking and food shows hosted by chefs Sanjeev Kapoor, Ajay Chopra, Vikas Khanna, Saransh Goila, Rakesh Sethi, Shailendra Kekade, Shilarna Vaze, Shipra Khanna, Shazia Khan, Harpal Singh Sokhi, Madhu Sneha, Shantanu Gupte and Amrita Raichand.",https://en.wikipedia.org/wiki/Food_Food_(TV_channel)
Food,Spam (food),"Spam (stylized in all-caps) is a brand of lunch meat (processed canned pork and ham) made by Hormel Foods Corporation, an American multinational food processing company. It was introduced in the United States in 1937 and gained popularity worldwide after its use during World War II. As of 2003, Spam was sold in 41 countries, and trademarked in more than 100, on six continents.
Spam's main ingredients are pork shoulder and ham, with salt, water, modified potato starch (as a binder), sugar, and sodium nitrite (as a preservative). Natural gelatin is formed during cooking in its cans on the production line. It is available in different flavors, some using different meats, as well as in ""lite"" and lower-sodium versions. Spam is precooked, making it safe to consume straight from the can, but it is often cooked further for taste.
Concerns about Spam's nutritional attributes have been raised because it contains twice as much of the daily dietary recommendation of fat as it does of protein, and about the health effects of salt and preservatives.
Spam has become part of popular culture, including a Monty Python sketch, which repeated the name many times, leading to its name being borrowed to describe unsolicited electronic messages, especially email. It is occasionally celebrated at festivals such as Spamarama in Austin, Texas.",https://en.wikipedia.org/wiki/Spam_(food)
Food,Food court,"A food court (in Asia-Pacific also called food hall or hawker centre) is generally an indoor plaza or common area within a facility that is contiguous with the counters of multiple food vendors and provides a common area for self-serve dinner. It can also be a public dining area in front of a cafe or diner. 
Food courts may be found in shopping malls, airports, and parks. In various regions (such as Asia, the Americas, and Africa), a food court may be a standalone development. In some places of learning such as high schools and universities, food courts have also come to replace or complement traditional cafeterias.

",https://en.wikipedia.org/wiki/Food_court
Food,Food politics,"Food politics is a term which encompasses not only food policy and legislation, but all aspects of the production, control, regulation, inspection, distribution and consumption of commercially grown, and even sometimes home grown, food. The commercial aspects of food production are affected by ethical, cultural, and health concerns, as well as environmental concerns about farming and agricultural practices and retailing methods. The term also encompasses biofuels, GMO crops and pesticide use, the international food market, food aid, food security and food sovereignty, obesity, labor practices and immigrant workers, issues of water usage, animal cruelty, and climate change.

",https://en.wikipedia.org/wiki/Food_politics
Food,French cuisine,"French cuisine is the cooking traditions and practices of France. In the 14th century, Guillaume Tirel, a court chef known as ""Taillevent"", wrote Le Viandier, one of the earliest recipe collections of medieval France. In the 17th and 18th centuries, chefs François Pierre La Varenne and Marie-Antoine Carême spearheaded movements that shifted French cooking away from its foreign influences and developed France's own indigenous style.
Cheese and wine are a major part of the cuisine. They play different roles regionally and nationally, with many variations and appellation d'origine contrôlée (AOC) (regulated appellation) laws.
Culinary tourism and the Guide Michelin helped to acquaint commoners with the cuisine bourgeoise of the urban elites and the peasant cuisine of the French countryside starting in the 20th century. Many dishes that were once regional have proliferated in variations across the country.
Knowledge of French cooking has contributed significantly to Western cuisines. Its criteria are used widely in Western cookery school boards and culinary education. In November 2010, French gastronomy was added by the UNESCO to its lists of the world's ""intangible cultural heritage"".

",https://en.wikipedia.org/wiki/French_cuisine
Food,Food security,"Food security is the state of having reliable access to a sufficient quantity of affordable, healthy food. The availability of food for people of any class, gender, ethnicity, or religion is another element of food protection. Similarly, household food security is considered to exist when all the members of a family have consistent access to enough food for an active, healthy life. Food-secure individuals do not live in hunger or fear of starvation. Food security includes resilience to future disruptions of food supply. Such a disruption could occur due to various risk factors such as droughts and floods, shipping disruptions, fuel shortages, economic instability, and wars. Food insecurity is the opposite of food security: a state where there is only limited or uncertain availability of suitable food.
The concept of food security has evolved over time. The four pillars of food security include availability, access, utilization, and stability. In addition, there are two more dimensions that are important: agency and sustainability. These six dimensions of food security are reinforced in conceptual and legal understandings of the right to food. The World Food Summit in 1996 declared that ""food should not be used as an instrument for political and economic pressure.""
There are many causes of food insecurity. The most important ones are high food prices and disruptions in global food supplies for example due to war. There is also climate change, water scarcity, land degradation, agricultural diseases, pandemics and disease outbreaks that can all lead to food insecurity. Additionally, food insecurity affects individuals with low socioeconomic status, affects the health of a population on an individual level, and causes divisions in interpersonal relationships. Food insecurity due to unemployment causes a higher rate of poverty.
The effects of food insecurity can include hunger and even famines. Chronic food insecurity translates into a high degree of vulnerability to hunger and famine. Chronic hunger and malnutrition in childhood can lead to stunted growth of children. Once stunting has occurred, improved nutritional intake after the age of about two years is unable to reverse the damage. Severe malnutrition in early childhood often leads to defects in cognitive development.",https://en.wikipedia.org/wiki/Food_security
Food,Food Wars,"Food Wars may refer to:

Food Wars (American TV series), television program on the Travel Channel
Food Wars!: Shokugeki no Soma, a Japanese manga written by Yūto Tsukuda and illustrated by Shun Saeki, also made into an anime series.
The Food Wars, a 2009 book by Walden Bello",https://en.wikipedia.org/wiki/Food_Wars
Food,Food Lion,"Food Lion is an American regional supermarket chain headquartered in Salisbury, North Carolina, that operates over 1,000 supermarkets in 10 states: Delaware, Georgia, Kentucky, Maryland, North Carolina, Pennsylvania, South Carolina, Tennessee, Virginia and West Virginia.  The chain employs over 82,000 people. It was founded in 1957 as Food Town, a single grocery store in Salisbury.  It later expanded to many locations across North Carolina.  It was independently operated until it was acquired by the Belgium-based conglomerate Delhaize Group in 1974. In 1983, the company changed its name and branding to Food Lion to allow it to expand into regions where Food Town was already in use by unrelated stores. Following further mergers and acquisitions, Food Lion, LLC is currently owned by Ahold Delhaize, established in the Netherlands. The mascot’s name has been Leo the Food Lion since January 17, 1997.",https://en.wikipedia.org/wiki/Food_Lion
Food,Food pyramid (nutrition),"A food pyramid is a representation of the optimal number of servings to be eaten each day from each of the basic food groups. The first pyramid was published in Sweden in 1974. The 1992 pyramid introduced by the United States Department of Agriculture (USDA) was called the ""Food Guide Pyramid"" or ""Eating Right Pyramid"". It was updated in 2005 to ""MyPyramid"", and then it was replaced by ""MyPlate"" in 2011.

",https://en.wikipedia.org/wiki/Food_pyramid_(nutrition)
Food,Food Network,"Food Network is an American basic cable channel owned by Television Food Network, G.P., a unit of Warner Bros. Discovery, who manages and operates it as a division of the Warner Bros. Discovery U.S. Networks Group. The channel airs both special and regular episodic programs about food and cooking. Cooking Channel, a network launched in 2002, is a spin-off of Food Network. In addition to its headquarters in New York City, Food Network has offices in Atlanta, Los Angeles, San Francisco, Chicago, Detroit, Jersey City, Cincinnati, and Knoxville.
Food Network was established on November 23, 1993, 6:00 am as TV Food Network and on April 1, 1996, it adopted its current name. It was acquired by Scripps Networks Interactive who later merged with Discovery, Inc. in 2018, and WarnerMedia was merged with Discovery, Inc. to form Warner Bros. Discovery. As of November 2023, Food Network is available to approximately 70,000,000 pay television households in the United States-down from its 2011 peak of 100,000,000 households.",https://en.wikipedia.org/wiki/Food_Network
Food,Food allergy,"A food allergy is an abnormal immune response to food. The symptoms of the allergic reaction may range from mild to severe. They may include itchiness, swelling of the tongue, vomiting, diarrhea, hives, trouble breathing, or low blood pressure. This typically occurs within minutes to several hours of exposure. When the symptoms are severe, it is known as anaphylaxis. A food intolerance and food poisoning are separate conditions, not due to an immune response.
Common foods involved include cow's milk, peanuts, eggs, shellfish, fish, tree nuts, soy, wheat, and sesame. The common allergies vary depending on the country. Risk factors include a family history of allergies, vitamin D deficiency, obesity, and high levels of cleanliness. Allergies occur when immunoglobulin E (IgE), part of the body's immune system, binds to food molecules. A protein in the food is usually the problem. This triggers the release of inflammatory chemicals such as histamine. Diagnosis is usually based on a medical history, elimination diet, skin prick test, blood tests for food-specific IgE antibodies, or oral food challenge.
Management involves avoiding the food in question and having a plan if exposure occurs. This plan may include giving adrenaline (epinephrine) and wearing medical alert jewelry. Early childhood exposure to potential allergens may be protective against later development of a food allergy. The benefits of allergen immunotherapy for treating food allergies are not proven, thus not recommended as of 2015. Some types of food allergies among children resolve with age, including those to milk, eggs, and soy; while others such as to nuts and shellfish typically do not.
In the developed world, about 4% to 8% of people have at least one food allergy. They are more common in children than adults and appear to be increasing in frequency. Male children appear to be more commonly affected than females. Some allergies more commonly develop early in life, while others typically develop in later life. In developed countries, more people believe they have food allergies when they actually do not have them.

",https://en.wikipedia.org/wiki/Food_allergy
Food,Whole food,"Whole foods are foods that are unprocessed and unrefined. Examples of whole foods include grains such as oatmeal and rice, fruits, vegetables, dried beans, nuts, seeds, unprocessed meats, and fish.
Depending on the context this may sometimes refer to an all natural diet or a plant-based diet. This is sometimes the premise of clean eating.
Whole foods are not to be confused with natural foods. The FDA interprets the term ""natural"" to indicate that a food contains no artificial or synthetic substances (including color additives from any source) that wouldn't typically be expected in that food. However, this interpretation does not encompass food production practices, such as the use of pesticides, nor does it explicitly address food processing or manufacturing methods like pasteurization, thermal technologies, or irradiation.",https://en.wikipedia.org/wiki/Whole_food
Food,Jellyfish as food,"Some species of jellyfish are suitable for human consumption and are used as a source of food and as an ingredient in various dishes. Edible jellyfish is a seafood that is harvested and consumed in several East and Southeast Asian countries, and in some Asian countries it is considered to be a delicacy. Edible jellyfish is often processed into a dried product. Several types of foods and dishes may be prepared with edible jellyfish, including salads, sushi, noodles, and main courses. Various preparation methods exist.",https://en.wikipedia.org/wiki/Jellyfish_as_food
Food,Food and Drug Administration,"The United States Food and Drug Administration (FDA or US FDA) is a federal agency of the Department of Health and Human Services. The FDA is responsible for protecting and promoting public health through the control and supervision of food safety, tobacco products, caffeine products, dietary supplements, prescription and over-the-counter pharmaceutical drugs (medications), vaccines, biopharmaceuticals, blood transfusions, medical devices, electromagnetic radiation emitting devices (ERED), cosmetics, animal foods & feed and veterinary products.
The FDA's primary focus is enforcement of the Federal Food, Drug, and Cosmetic Act (FD&C). However, the agency also enforces other laws, notably Section 361 of the Public Health Service Act as well as associated regulations. Much of this regulatory-enforcement work is not directly related to food or drugs but involves other factors like regulating lasers, cellular phones, and condoms. In addition, the FDA takes control of diseases in the contexts varying from household pets to human sperm donated for use in assisted reproduction.
The FDA is led by the commissioner of food and drugs, appointed by the president with the advice and consent of the Senate. The commissioner reports to the secretary of health and human services. Sara Brenner is the current acting commissioner as of January 24, 2025, following the resignation of Commissioner Robert Califf on January 20, 2025.
The FDA's headquarters is located in the White Oak area of Silver Spring, Maryland. The agency has 223 field offices and 13 laboratories located across the 50 states, the United States Virgin Islands, and Puerto Rico. In 2008, the FDA began to post employees to foreign countries, including China, India, Costa Rica, Chile, Belgium, and the United Kingdom.

",https://en.wikipedia.org/wiki/Food_and_Drug_Administration
Food,Mm..Food,"Mm..Food (stylized in all caps) is the fifth studio album by British-American rapper and producer MF Doom, released through Rhymesayers on 16 November 2004. The album peaked at number 17 on Billboard's Independent Albums chart, and number 9 on Heatseekers Albums chart. The title Mm..Food is an anagram of ""MF Doom"".

",https://en.wikipedia.org/wiki/Mm..Food
Food,Damper (food),"Damper is a thick home-made bread traditionally prepared by early European settlers in Australia. It is a bread made from wheat-based dough. Flour, salt and water, with some butter if available, is kneaded and baked in the coals of a campfire, either directly or within a camp oven.",https://en.wikipedia.org/wiki/Damper_(food)
Food,Food play,"Food play, also known as sitophilia, refers to a form of sexual fetishism in which participants are aroused by erotic situations involving food.
Food play overlaps with other fetishes, including wet and messy fetishism, feederism, and nyotaimori. It is differentiated from vorarephilia in that food play fetishizes food while vore fetishizes the act of eating a living creature, or being eaten alive.",https://en.wikipedia.org/wiki/Food_play
Food,Street food,"Street food is food sold by a hawker or vendor on a street or at another public place, such as a market, fair, or park. It is often sold from a portable food booth, food cart, or food truck and is meant for immediate consumption. Some street foods are regional, but many have spread beyond their regions of origin. Most street foods are classified as both finger food and fast food, and are generally cheaper than restaurant meals. The types of street food vary between regions and cultures in different countries around the world. According to a 2007 study from the Food and Agriculture Organization, 2.5 billion people eat street food every day.  While some cultures consider it to be rude to walk on the street while eating, a majority of middle- to high-income consumers rely on the quick access and affordability of street food for daily nutrition and job opportunities, particularly in developing countries.

Today governments and other organizations are increasingly concerned with both the socioeconomic importance of street food and its associated risks. These risks include food safety, sanitation issues, illegal use of public or private areas, social problems, and traffic congestion.

",https://en.wikipedia.org/wiki/Street_food
Food,Genetically modified food,"Genetically modified foods (GM foods), also known as genetically engineered foods (GE foods), or bioengineered foods are foods produced from organisms that have had changes introduced into their DNA using various methods of genetic engineering. Genetic engineering techniques allow for the introduction of new traits as well as greater control over traits when compared to previous methods, such as selective breeding and mutation breeding. 
The discovery of DNA and the improvement of genetic technology in the 20th century played a crucial role in the development of transgenic technology. In 1988, genetically modified microbial enzymes were first approved for use in food manufacture. Recombinant rennet was used in few countries in the 1990s. Commercial sale of genetically modified foods began in 1994, when Calgene first marketed its unsuccessful Flavr Savr delayed-ripening tomato. Most food modifications have primarily focused on cash crops in high demand by farmers such as soybean, maize/corn, canola, and cotton. Genetically modified crops have been engineered for resistance to pathogens and herbicides and for better nutrient profiles. The production of golden rice in 2000 marked a further improvement in the nutritional value of genetically modified food. GM livestock have been developed, although, as of 2015, none were on the market. As of 2015, the  AquAdvantage salmon was the only animal approved for commercial production, sale and consumption by the FDA.  It is the first genetically modified animal to be approved for human consumption.
Genes encoded for desired features, for instance an improved nutrient level, pesticide and herbicide resistances, and the possession of therapeutic substances, are often extracted and transferred to the target organisms, providing them with superior survival and production capacity. The improved utilization value usually gave consumers benefit in specific aspects like taste, appearance, or size.
There is a scientific consensus that currently available food derived from GM crops poses no greater risk to human health than conventional food, but that each GM food needs to be tested on a case-by-case basis before introduction. Nonetheless, members of the public are much less likely than scientists to perceive GM foods as safe. The legal and regulatory status of GM foods varies by country, with some nations banning or restricting them, and others permitting them with widely differing degrees of regulation, which varied due to geographical, religious, social, and other factors.",https://en.wikipedia.org/wiki/Genetically_modified_food
Food,Food storage,"Food storage is a way of decreasing the variability of the food supply in the face of natural, inevitable variability. It allows food to be eaten for some time (typically weeks to months) after harvest rather than solely immediately. It is both a traditional domestic skill (mainly as root cellaring) and, in the form of food logistics, an important industrial and commercial activity. Food preservation, storage, and transport, including timely delivery to consumers, are important to food security, especially for the majority of people throughout the world who rely on others to produce their food. 
Significant losses of food are caused by inadequate storage conditions as well as decisions made at earlier stages of the supply chain, which predispose products to a shorter shelf life. Adequate cold storage, in particular, can be crucial to prevent quantitative and qualitative food losses.
Food is stored by almost every human society and by many animals. Storing of food has several main purposes:

Preventing foodborne illness from consuming decomposing food
Reducing food waste by preserving unused or uneaten food for later use
Storage of harvested and processed plant and animal food products for distribution to consumers
Enabling a better balanced diet throughout the year
Preserving pantry food, such as spices or dry ingredients like rice and flour, for eventual use in cooking
Preparedness for catastrophes, emergencies and periods of food scarcity or famine, whether as basic emergency preparedness (for most people) or in its more extreme form of survivalism (prepping)
Religious reasons: for example, leaders in the LDS Church (Church of Jesus Christ of Latter Day Saints) instruct church members to store food.
Protection from animals or theft

",https://en.wikipedia.org/wiki/Food_storage
Economy,Economy,"An economy is an area of the production, distribution and trade, as well as consumption of goods and services. In general, it is defined as a social domain that emphasize the practices, discourses, and material expressions associated with the production, use, and management of resources. A given economy is a set of processes that involves its culture, values, education, technological evolution, history, social organization, political structure, legal systems, and natural resources as main factors. These factors give context, content, and set the conditions and parameters in which an economy functions. In other words, the economic domain is a social domain of interrelated human practices and transactions that does not stand alone.
Economic agents can be individuals, businesses, organizations, or governments. Economic transactions occur when two groups or parties agree to the value or price of the transacted good or service, commonly expressed in a certain currency. However, monetary transactions only account for a small part of the economic domain.
Economic activity is spurred by production which uses natural resources, labor and capital. It has changed over time due to technology, innovation (new products, services, processes, expanding markets, diversification of markets, niche markets, increases revenue functions) and changes in industrial relations (most notably child labor being replaced in some parts of the world with universal access to education).

",https://en.wikipedia.org/wiki/Economy
Economy,Economy of California,"The economy of the State of California is the largest in the United States, with a $4.103 trillion gross state product (GSP) as of 2024. It is the largest sub-national economy in the world. If California were a independent nation, it would rank as the fourth largest economy in the world in nominal terms, behind Germany and ahead of Japan.
Additionally, California's Silicon Valley is home to some of the world's most valuable technology companies, including Apple, Alphabet, and Nvidia. In total, 78 of the Fortune 100 companies and 337 of the Fortune 500 companies are headquartered in California. As of 2024, California is home to the highest number of Fortune 500 companies of any U.S. state.
As both the most populous US state and one of the most climatologically diverse states, the economy of California is varied, with many sizable sectors. The most dominant of these sectors include finance, business services, government and manufacturing. Much of the economic activity is concentrated in the coastal cities, especially Los Angeles, which has a relative focus on media—most notably Hollywood—and the San Francisco Bay Area, which predominantly concentrates on technology. Both cities, along with other major ports such as San Diego, also act as significant trade hubs to and from the United States. Furthermore, California's agriculture industry has the highest output of any U.S. state, with its Central Valley being one of the most productive agricultural regions on Earth, growing over half the country's fruits, vegetables, and nuts. More recently, droughts in California are affecting California business and industry in addition to agriculture.",https://en.wikipedia.org/wiki/Economy_of_California
Economy,Economy of China,"The People's Republic of China is a developing mixed socialist market economy, incorporating industrial policies and strategic five-year plans. China is the world's second largest economy by nominal GDP and since 2016 has been the world's largest economy when measured by purchasing power parity (PPP). China accounted for 19% of the global economy in 2022 in PPP terms, and around 18% in nominal terms in 2022. The economy consists of state-owned enterprises (SOEs) and mixed-ownership enterprises, as well as a large domestic private sector which contribute approximately 60% of the GDP, 80% of urban employment and 90% of new jobs; the system also consist of a high degree of openness to foreign businesses.
China is the world's largest manufacturing industrial economy and exporter of goods. China is widely regarded as the ""powerhouse of manufacturing"", ""the factory of the world"" and the world's ""manufacturing superpower"". Its production exceeds that of the nine next largest manufacturers combined. However, exports as a percentage of GDP have steadily dropped to just around 20%, reflecting its decreasing importance to the Chinese economy. Nevertheless, it remains the largest trading nation in the world and plays a prominent role in international trade. Manufacturing has been transitioning toward high-tech industries such as electric vehicles, renewable energy, telecommunications and IT equipment, and services has also grown as a percentage of GDP. China is the world's largest high technology exporter. As of 2021, the country spends around 2.43% of GDP on advance research and development across various sectors of the economy. It is also the world's fastest-growing consumer market and second-largest importer of goods. China is also the world's largest consumer of numerous commodities, and accounts for about half of global consumption of metals. China is a net importer of services products. 
China has bilateral free trade agreements with many nations and is a member of the Regional Comprehensive Economic Partnership (RCEP). Of the world's 500 largest companies, 142 are headquartered in China. It has three of the world's top ten most competitive financial centers and three of the world's ten largest stock exchanges (both by market capitalization and by trade volume). China has the second-largest financial assets in the world, valued at $17.9 trillion as of 2021. China was the largest recipient of foreign direct investment (FDI) in the world as of 2020, receiving inflows of $163 billion. but more recently, inbound FDI has fallen sharply to negative levels. It has the second largest outbound FDI, at US$136.91 billion for 2019. China's economic growth is slowing down in the 2020s as it deals with a range of challenges from a rapidly aging population, higher youth unemployment and a property crisis.
With 791 million workers, the Chinese labor force was the world's largest as of 2021, according to The World Factbook. As of 2022, China was second in the world in total number of billionaires. and second in millionaires with 6.2 million. China has the largest middle-class in the world, with over 500 million people earning over RMB 120,000 a year. Public social expenditure in China was around 10% of GDP.

",https://en.wikipedia.org/wiki/Economy_of_China
Economy,Economy of India,"The economy of India is a developing mixed economy with a notable public sector in strategic sectors. It is the world's fourth-largest economy by nominal GDP and the third-largest by purchasing power parity (PPP); on a per capita income basis, India ranked 136th by GDP (nominal) and 119th by GDP (PPP). From independence in 1947 until 1991, successive governments followed the Soviet model and promoted protectionist economic policies, with extensive Sovietization, state intervention, demand-side economics, natural resources, bureaucrat-driven enterprises and economic regulation. This is characterised as dirigism, in the form of the Licence Raj. The end of the Cold War and an acute balance of payments crisis in 1991 led to the adoption of a broad economic liberalisation in India and indicative planning. India has about 1,900 public sector companies, with the Indian state having complete control and ownership of railways and highways. The Indian government has major control over banking, insurance, farming, fertilizers and chemicals, airports,  essential utilities. The state also exerts substantial control over digitalization,  telecommunication, supercomputing, space, port and shipping industries, which were effectively nationalised in the mid-1950s but has seen the emergence of key corporate players.
Nearly 70% of India's GDP is driven by domestic consumption; the country remains the world's fourth-largest consumer market. Aside private consumption, India's GDP is also fueled by government spending, investments, and exports. In 2022, India was the world's 10th-largest importer and the 8th-largest exporter. India has been a member of the World Trade Organization since 1 January 1995. It ranks 63rd on the ease of doing business index and 40th on the Global Competitiveness Index. India has one of the world's highest number of billionaires along with extreme income inequality. Economists and social scientists often consider India a welfare state. India's overall social welfare spending stood at 8.6% of GDP in 2021-22, which is much lower than the average for OECD nations. With 586 million workers, the Indian labour force is the world's second-largest. Despite having one of the longest working hours, India has one of the lowest workforce productivity levels in the world. Economists say that due to structural economic problems, India is experiencing jobless economic growth.
During the Great Recession, the economy faced a mild slowdown. India endorsed Keynesian policy and initiated stimulus measures (both fiscal and monetary) to boost growth and generate demand. In subsequent years, economic growth revived.
In 2021–22, the foreign direct investment (FDI) in India was $82 billion. The leading sectors for FDI inflows were the Finance, Banking, Insurance and R&D. India has free trade agreements with several nations and blocs, including ASEAN, SAFTA, Mercosur, South Korea, Japan, Australia, the United Arab Emirates, and several others which are in effect or under negotiating stage.
The service sector makes up more than 50% of GDP and remains the fastest growing sector, while the industrial sector and the agricultural sector employs a majority of the labor force. The Bombay Stock Exchange and National Stock Exchange are some of the world's largest stock exchanges by market capitalisation. India is the world's sixth-largest manufacturer, representing 2.6% of global manufacturing output. Nearly 65% of India's population is rural, and contributes about 50% of India's GDP. India faces high unemployment, rising income inequality, and a drop in aggregate demand. India's gross domestic savings rate stood at 29.3% of GDP in 2022.

",https://en.wikipedia.org/wiki/Economy_of_India
Economy,Economy of Russia,"The economy of Russia  is an emerging and developing, high-income, industrialized, mixed market-oriented economy. It has the eleventh-largest economy in the world by nominal GDP and the fourth-largest economy by GDP (PPP). Due to a volatile currency exchange rate, its GDP measured in nominal terms fluctuates sharply. Russia was the last major economy to join the World Trade Organization (WTO), becoming a member in 2012.
Russia has large amounts of energy resources throughout its vast landmass, particularly natural gas and petroleum, which play a crucial role in its energy self-sufficiency and exports. The country has been widely described as an energy superpower; with it having the largest natural gas reserves in the world, the second-largest coal reserves, the eighth-largest oil reserves, and the largest oil shale reserves in Europe. Russia is the world's leading natural gas exporter, the second-largest natural gas producer, the second-largest oil exporter and producer, and the third-largest coal exporter. Its foreign exchange reserves are the fourth-largest in the world. Russia has a labour force of about 73 million people, which is the eighth-largest in the world. It is the third-largest exporter of arms in the world. The large oil and gas sector accounted up to 30% of Russia's federal budget revenues in 2024, down from 50% in the mid-2010s, suggesting economic diversification.
Russia's human development is ranked as ""very high"" in the annual Human Development Index. Roughly 70% of Russia's total GDP is driven by domestic consumption, and the country has the world's twelfth-largest consumer market. Its social security system comprised roughly 16% of the total GDP in 2015. Russia has the fifth-highest number of billionaires in the world. However, its income inequality remains comparatively high, caused by the variance of natural resources among its federal subjects, leading to regional economic disparities. High levels of corruption, a shrinking labor force, and an aging and declining population also remain major barriers to future economic growth.
Following the 2022 Russian invasion of Ukraine, the country has faced extensive sanctions and other negative financial actions from the Western world and its allies which have the aim of isolating the Russian economy from the Western financial system. However, Russia's economy has shown resilience to such measures broadly, and has maintained economic stability and growth—driven primarily by high military expenditure, rising household consumption and wages, low unemployment, and increased government spending. Yet, inflation has remained comparatively high, with experts predicting the sanctions will have a long-term negative effect on the Russian economy.

",https://en.wikipedia.org/wiki/Economy_of_Russia
Economy,"It's the economy, stupid","""It's the economy, stupid"" is a catchphrase that means that the primary concern of American voters is the state of the American economy, and how the economy affects their personal finances.
The phrase was coined by James Carville in 1992 as ""The economy, stupid"". It is often quoted from a televised quip by Carville as ""It's the economy, stupid"". Carville was a strategist in Bill Clinton's successful campaign in the 1992 U.S. presidential election against incumbent George H. W. Bush. His phrase was directed at the campaign's workers and intended as one of three messages for them to focus on. The others were ""Change vs. more of the same"" and ""Don't forget health care"".
Clinton's campaign advantageously used the then-prevailing recession in the United States as one of the campaign's means to successfully unseat George H. W. Bush. In March 1991, days after the ground war in Kuwait, 90% of polled Americans approved of President Bush's job performance. During the following year, Americans' opinions turned sharply; 64% of polled Americans disapproved of Bush's job performance in August 1992.

","https://en.wikipedia.org/wiki/It's_the_economy,_stupid"
Economy,Market economy,"A market economy is an economic system in which the decisions regarding investment, production, and distribution to the consumers are guided by the price signals created by the forces of supply and demand. The major characteristic of a market economy is the existence of factor markets that play a dominant role in the allocation of capital and the factors of production.
Market economies range from minimally regulated free market and laissez-faire systems where state activity is restricted to providing public goods and services and safeguarding private ownership, to interventionist forms where the government plays an active role in correcting market failures and promoting social welfare. State-directed or dirigist economies are those where the state plays a directive role in guiding the overall development of the market through industrial policies or indicative planning—which guides yet does not substitute the market for economic planning—a form sometimes referred to as a mixed economy.
Market economies are contrasted with planned economies where investment and production decisions are embodied in an integrated economy-wide economic plan. In a centrally planned economy, economic planning is the principal allocation mechanism between firms rather than markets, with the economy's means of production being owned and operated by a single organizational body.

",https://en.wikipedia.org/wiki/Market_economy
Economy,Economy of Vietnam,"The economy of Vietnam is a developing mixed socialist-oriented market economy. It is the 33rd-largest economy in the world by nominal gross domestic product (GDP) and the 26th-largest economy in the world by purchasing power parity (PPP). It is a lower-middle income country with a low cost of living. Vietnam is a member of the Asia-Pacific Economic Cooperation, the Association of Southeast Asian Nations and the World Trade Organization.
Since the mid-1980s, through the Đổi Mới reform period, Vietnam has made a shift from a highly centralized planned economy to a mixed economy. Before, South Vietnam was reliant on U.S. aid, while North Vietnam and reunified Vietnam relied on communist aid until the Soviet Union's dissolution. 
The economy uses both directive and indicative planning through five-year plans, with support from an open market-based economy. Over that period, the economy has experienced rapid growth. In the 21st century, Vietnam is in a period of being integrated into the global economy. Almost all Vietnamese enterprises are small and medium enterprises (SMEs). Vietnam has become a leading agricultural exporter and served as an attractive destination for foreign investment in Southeast Asia. 
According to a forecast by PricewaterhouseCoopers in February 2017, Vietnam may be the fastest-growing of the world's economies, with a potential annual GDP growth rate of about 5.1 percent, which would make its economy the 10th-largest in the world by 2050. Vietnam has also been named among the so-called Next Eleven and CIVETS countries.",https://en.wikipedia.org/wiki/Economy_of_Vietnam
Economy,Planned economy,"A planned economy is a type of economic system where investment, production and the allocation of capital goods takes place according to economy-wide economic plans and production plans. A planned economy may use centralized, decentralized, participatory or Soviet-type forms of economic planning. The level of centralization or decentralization in decision-making and participation depends on the specific type of planning mechanism employed.
Socialist states based on the Soviet model have used central planning, although a minority such as the former Socialist Federal Republic of Yugoslavia have adopted some degree of market socialism. Market abolitionist socialism replaces factor markets with direct calculation as the means to coordinate the activities of the various socially owned economic enterprises that make up the economy. More recent approaches to socialist planning and allocation have come from some economists and computer scientists proposing planning mechanisms based on advances in computer science and information technology.
Planned economies contrast with unplanned economies, specifically market economies, where autonomous firms operating in markets make decisions about production, distribution, pricing and investment. Market economies that use indicative planning are variously referred to as planned market economies, mixed economies and mixed market economies. A command economy follows an administrative-command system and uses Soviet-type economic planning which was characteristic of the former Soviet Union and Eastern Bloc before most of these countries converted to market economies. This highlights the central role of hierarchical administration and public ownership of production in guiding the allocation of resources in these economic systems.",https://en.wikipedia.org/wiki/Planned_economy
Economy,Economy of Japan,"The economy of Japan is a highly developed mixed economy, often referred to as an East Asian model. According to the IMF forecast for 2025, it will be the fifth-largest economy in the world by nominal GDP as well as by purchasing power parity (PPP) by the end of the year. It constituted 3.7% of the world's economy on a nominal basis in 2024. According to the same forecast, the country's per capita GDP (PPP) will be $54,678 (2025). Due to a volatile currency exchange rate, Japan's nominal GDP as measured in American dollars fluctuates sharply.
A founding member of the G7 and an early member of the OECD, Japan was the first country in Asia to achieve developed country status. In 2018, Japan was the fourth-largest in the world both as an importer and as an exporter. The country also has the world's fourth-largest consumer market. Japan used to run a considerable trade surplus, but the decline of the manufacturing sector since the 1980s and increased fossil fuel imports after the Fukushima nuclear accident in 2011 have changed this trend in recent years. Being the world's largest creditor nation, Japan has a considerable net international investment surplus. The country has the world's second-largest foreign-exchange reserves, worth $1.4 trillion. Japan has the third-largest financial assets in the world, valued at $12 trillion, or 8.6% of the global GDP total as of 2020. Japan has a highly efficient and strong social security system, which comprises roughly 23.5% of GDP. The Tokyo Stock Exchange is the world's third-largest stock exchange by market capitalisation as of 2024.
Japan has a highly service-dominated economy, which contributes approximately 70% of GDP, with most of the remainder coming from the industrial sector. The country's automobile industry, which is the second largest in the world, dominates the industrial sector, with Toyota being the world’s largest manufacturer of cars. Japan is often ranked among the world’s most innovative countries, leading several measures of global patent filings. However, its manufacturing industry has lost its world dominance since the 1990s. In 2022, Japan spent around 3.7% of GDP on research and development. As of 2024, 40 of the Fortune Global 500 companies are based in Japan.
Long having been an agricultural country, it has been estimated that Japan’s economy was among the top ten in the world by size before the industrial revolution started. Industrialisation in Japan began in the second half of the 19th century with the Meiji Restoration, initially focusing on the textile industry and later on heavy industries. The country rapidly built its colonial empire and the third most powerful navy in the world. After the defeat in the Second World War, Japan’s economy recovered and developed further rapidly, primarily propelled by its lucrative manufacturing exporting industries. It became the second largest economy in the world in 1968 and remained so until 2010, and on a nominal per capita basis, the most high-income among the G7 countries in the 1980s and 1990s. In 1995, Japan’s share of the world’s nominal GDP was 17.8%, reaching approximately 71% of that of the United States.
Driven by speculative investments and excessive lending, the Japanese asset price bubble of the early 1990s burst, triggering a prolonged period of economic stagnation marked by deflation and persistently low or negative growth, now known as the Lost Decades. From 1995 to 2023, the country’s GDP fell from $5.5 trillion to $4.2 trillion in nominal terms. At the turn of the 21st century, the Bank of Japan set out to encourage growth through a policy of quantitative easing, with the central bank purchasing government bonds at an unprecedented scale to address the persisting deflationary pressure. In 2016, the Bank of Japan introduced a negative interest policy to stimulate economic growth and combat persistent deflationary pressure. A combination of domestic policies and global economic conditions helped the country achieve its 2% inflation target, leading to the conclusion of the policy in 2024.
As of 2021, Japan has significantly higher public debt than other developed nations, at approximately 260% of GDP. 45% of this debt is held by the Bank of Japan, and most of the remainder is also held domestically. The Japanese economy faces considerable challenges posed by an ageing and declining population, which peaked at 128.5 million people in 2010 and has fallen to 122.6 million people in 2024. In 2022, the country's working age population consisted of approximately 59.4% of the total population, which was the lowest rate among all the OECD countries. According to 2023 government projections, the country's population will fall to 87 million by 2070, with only 45 million of working age.

",https://en.wikipedia.org/wiki/Economy_of_Japan
Economy,Political economy,"Political or comparative economy is a branch of political science and economics studying economic systems (e.g. markets and national economies) and their governance by political systems (e.g. law, institutions, and government). Widely-studied phenomena within the discipline are systems such as labour and financial markets, as well as phenomena such as growth, distribution, inequality, and trade, and how these are shaped by institutions, laws, and government policy. Originating in the 18th century, it is the precursor to the modern discipline of economics. Political economy in its modern form is considered an interdisciplinary field, drawing on theory from both political science and modern economics.
Political economy originated within 16th century western moral philosophy, with theoretical works exploring the administration of states' wealth; political signifying the Greek word polity and economy signifying the Greek word οἰκονομία; household management. The earliest works of political economy are usually attributed to the British scholars Adam Smith, Thomas Malthus, and David Ricardo, although they were preceded by the work of the French physiocrats, such as François Quesnay, Richard Cantillon and Anne-Robert-Jacques Turgot. 
In the late 19th century, the term economics gradually began to replace the term political economy with the rise of mathematical modeling coinciding with the publication of the influential textbook Principles of Economics by Alfred Marshall in 1890. Earlier, William Stanley Jevons, a proponent of mathematical methods applied to the subject, advocated economics for brevity and with the hope of the term becoming ""the recognised name of a science"". Citation measurement metrics from Google Ngram Viewer indicate that use of the term economics began to overshadow political economy around roughly 1910, becoming the preferred term for the discipline by 1920. Today, the term economics usually refers to the narrow study of the economy absent other political and social considerations while the term political economy represents a distinct and competing approach.",https://en.wikipedia.org/wiki/Political_economy
Economy,Economy of Germany,"The economy of Germany is a highly developed social market economy. It has the largest national economy in Europe, the third-largest by nominal GDP in the world, and the sixth-largest by PPP-adjusted GDP. Due to a volatile currency exchange rate, Germany's GDP as measured in dollars fluctuates sharply, but it is among the world's top 4 since 1960. In 2025, the country accounted for 23.7% of the Euro area economy according to the International Monetary Fund (IMF). Germany is a founding member of the European Union and the eurozone.
Germany is the third-largest exporter globally with $1.66 trillion worth of goods and services exported in 2024. In 2024, Germany recorded a trade surplus worth $255 billion, ranking 2nd worldwide. The service sector contributes around 70% of the total GDP, industry 29.1%, and agriculture 0.9%. Exports accounted for 50.3% of national output. The top 10 exports of Germany are vehicles, machinery, chemical goods, electronic products, electrical equipment, pharmaceuticals, transport equipment, basic metals, food products, and rubber and plastics. Germany is the largest manufacturing economy in Europe, Germany is the largest manufacturing economy in Europe, which makes it more resilient to global economic crises. Germany conducts applied research with practical industrial value and sees itself as a bridge between the latest university insights and industry-specific product and process improvements. It generates a great deal of knowledge in its own laboratories. Among OECD members, Germany has a highly efficient and strong social security system, which comprises roughly 25% of GDP.
Germany is rich in timber, lignite, potash, and salt. Some minor sources of natural gas are being exploited in the state of Lower Saxony. Until German reunification, the German Democratic Republic mined for uranium in the Ore Mountains (see also: SAG/SDAG Wismut). Energy in Germany is sourced predominantly by fossil fuels (30%), with wind power in second place, then gas, solar, biomass (wood and biofuels), and hydro. Germany is the first major industrialised nation to commit to the renewable energy transition called Energiewende. Renewables produced 46% of electricity consumed in Germany (as of 2019). Germany has been called ""the world's first major renewable energy economy"". Germany has the world's second-largest gold reserve, with over 3,000 tonnes of gold. As of 2023, Germany spends around 3.1% of GDP, third among major economies, on research and development. It is also the world's second-largest high-technology exporter and ranks in the top 10 of countries by stock market capitalization.
More than 99 percent of all German companies belong to the German ""Mittelstand"", small and medium-sized enterprises, which are mostly family-owned. These companies represent 48% of the global market leaders in their segments, labelled hidden champions. Of the world's 500 largest publicly listed companies measured by revenue, the Fortune Global 500, 29 are headquartered in Germany, as are 26 of Europe's 100 largest, among them Volkswagen, BMW, Mercedes Benz, Deutsche Telekom, Uniper, Allianz, Addidas and SAP. Germany is home to many financial centres and economically important cities, such as Berlin, Hamburg, Munich, Cologne, Frankfurt, and Stuttgart. Four German banks are among the biggest in the world. Germany is the world's top location for trade fairs; around two thirds of the world's leading trade fairs take place in Germany. Some of the largest international trade fairs and congresses are held in several German cities such as Hanover, Frankfurt, Cologne, Leipzig, and Düsseldorf.",https://en.wikipedia.org/wiki/Economy_of_Germany
Economy,Economy of Pakistan,"The economy of Pakistan is categorized as a developing economy. It ranks as the 24th-largest based on GDP using purchasing power parity (PPP) and the 43rd largest in terms of nominal GDP. With a population of 254.4 million people as of 2024, Pakistan's position at per capita income ranks 161st by GDP (nominal) and 138th by GDP (PPP) according to the International Monetary Fund (IMF).
In its early years, Pakistan's economy relied heavily on private industries. The nationalization of a significant portion of the sector, including financial services, manufacturing, and transportation, began in the early 1970s under Zulfikar Ali Bhutto. During Zia-ul Haq's regime in the 1980s, an ""Islamic"" economy was adopted, outlawing economic practices forbidden in Sharīʿah and mandating traditional religious practices. The economy started privatizing again in the 1990s.
The economic growth centers in Pakistan are located along the Indus River; these include the diversified economies of Karachi and major urban centers in Punjab (such as Faisalabad, Lahore, Sialkot, Rawalpindi, and Gujranwala), alongside less developed areas in other parts of the country. In recent decades, regional connectivity initiatives such as the China-Pakistan Economic Corridor (CPEC) have emerged as pivotal contributors to infrastructure and energy development, with long-term implications for economic stability. Pakistan was classified as a semi-industrial economy for the first time in the late 1990s, albeit an underdeveloped country with a heavy dependence on agriculture, particularly the textile industry relying on cotton production. Primary export commodities include textiles, leather goods, sports equipment, chemicals, and carpets/rugs.
Pakistan is presently undergoing economic liberalization, including the privatization of all government corporations, aimed at attracting foreign investment and reducing budget deficits. However, the country continues to grapple with challenges such as rapid  population growth, widespread illiteracy, political instability,  hostile neighbors  and heavy foreign debt.

",https://en.wikipedia.org/wiki/Economy_of_Pakistan
Economy,Virtual economy,"A virtual economy (or sometimes synthetic economy) is an emergent economy existing in a virtual world, usually exchanging virtual goods in the context of an online game, particularly in massively multiplayer online games (MMOs). People enter these virtual economies for recreation and entertainment rather than necessity, which means that virtual economies lack the aspects of a real economy that are not considered to be ""fun"" (for instance, avatars in a virtual economy often do not need to buy food in order to survive, and usually do not have any biological needs at all). However, some people do interact with virtual economies for ""real"" economic benefit.
Despite primarily dealing with in-game currencies, this term also encompasses the selling of virtual currency for real money, in what is sometimes called ""open centralised marketplaces"".

",https://en.wikipedia.org/wiki/Virtual_economy
Economy,Economy of Israel,"The economy of Israel is a highly developed free-market economy. The prosperity of Israel's advanced economy allows the country to have a sophisticated welfare state, a powerful modern military said to possess a nuclear-weapons capability with a full nuclear triad, modern infrastructure equivalent to developed countries, and a high-technology sector competitively on par with Silicon Valley. It has the second-largest number of startup companies in the world after the United States, and the third-largest number of NASDAQ-listed companies after the U.S. and China. American companies, such as Intel, Microsoft, and Apple, built their first overseas research and development facilities in Israel. More than 400 high-tech multi-national corporations, such as IBM, Google, Hewlett-Packard, Cisco Systems, Facebook and Motorola have opened R&D centers throughout the country. As of 2025, the IMF estimated Israel has the 25th largest economy in the world by nominal GDP, and one of the biggest economies in the Middle East.[1]
The country's major economic sectors are high-technology and industrial manufacturing. The Israeli diamond industry is one of the world's centers for diamond cutting and polishing, amounting to 21% of all exports in 2017. As the country is relatively poor in natural resources, it consequently depends on imports of petroleum, raw materials, wheat, motor vehicles, uncut diamonds and production inputs. Nonetheless, the country's nearly total reliance on energy imports may change in the future as recent discoveries of natural gas reserves off its coast and the Israeli solar energy industry have taken a leading role in Israel's energy sector.
Israel's quality higher education and the establishment of a highly motivated and educated populace is largely responsible for ushering in the country's high technology boom and rapid economic development by regional standards. The country has developed a strong educational infrastructure and a high-quality business startup incubation system for promoting cutting edge new ideas to create value-driven goods and services. These developments have allowed the country to create a high concentration of high-tech companies across the country's regions. These companies are financially backed by a strong venture capital industry. Its central high technology hub, the ""Silicon Wadi"", is considered second in importance only to its Californian counterpart. Numerous Israeli companies have been acquired by global multinational corporations for their profit-driven technologies in addition to their reliable and quality corporate personnel.

In its early decades, the Israeli economy was largely state-controlled and shaped by social democratic ideas. In the 1970s and 1980s, the economy underwent a series of free-market reforms and was gradually liberalized. In the past three decades, the economy has grown considerably, though GDP per capita has increased faster than wages. Israel is the most developed and advanced country in West Asia, possessing the 17th largest foreign-exchange reserves in the world and the highest average wealth per adult in the Middle East (10th worldwide by financial assets per capita). Israel is the 9th largest arm exporter in the world and has the highest number of billionaires in the Middle East, ranked 18th in the world. In recent years, Israel has had among the highest GDP growth rates within the developed world along with Ireland. The Economist ranked Israel as the 4th most successful economy among developed countries for 2022. The IMF estimated Israel's GDP at US$564 billion and its GDP per capita at US$58,270 in 2023 (13th highest in the world), a figure comparable to other highly developed countries. Israel was invited to join the OECD in 2010. Israel has also signed free trade agreements with the European Union, the United States, the European Free Trade Association, Turkey, Mexico, Canada, Ukraine, Jordan, and Egypt. In 2007, Israel became the first non-Latin-American country to sign a free trade agreement with the Mercosur trade bloc.",https://en.wikipedia.org/wiki/Economy_of_Israel
Economy,Economy of Switzerland,"The Economy of Switzerland is one of the world's most advanced and a highly-developed free market economy. The economy of Switzerland has ranked first in the world since 2015 on the Global Innovation Index and third in the 2020 Global Competitiveness Report. According to United Nations data for 2016, Switzerland is the third richest landlocked country in the world after Liechtenstein and Luxembourg. Together with the latter and Norway, they are the only three countries in the world with a GDP per capita (nominal) above US$90,000 that are neither island nations nor ministates. Among OECD nations, Switzerland holds the 3rd-largest GDP per capita. Switzerland has a highly efficient and strong social security system; social expenditure stood at roughly 24.1% of GDP.",https://en.wikipedia.org/wiki/Economy_of_Switzerland
Economy,Dual economy,"A dual economy is the existence of two separate economic sectors within one country, divided by different levels of development, technology, and different patterns of demand. The concept was originally created by Julius Herman Boeke to describe the coexistence of modern and traditional economic sectors in a colonial economy.
Dual economies are common in less developed countries, where one sector is geared towards local needs and another to the global export market. Dual economies may exist within the same sector, for example a modern plantation or other commercial agricultural entity operating in the midst of traditional cropping systems. Sir Arthur Lewis used the concept of a dualistic economy as the basis of his labour supply theory of rural-urban migration. Lewis distinguished between a rural low-income subsistence sector with surplus population, and an expanding urban capitalist sector (see Dual-sector model). The urban economy absorbed labor from rural areas (holding down urban wages) until the rural surplus was exhausted.
A World Bank comparison of sectoral growth in Côte d'Ivoire, Ghana and Zimbabwe since 1965 provided evidence against a basic dual economy model. The research implied that a positive link existed between growth in industry and growth in agriculture. The authors argued that for maximum economic growth, policymakers should have focused on agriculture and services as well as industrial development.

",https://en.wikipedia.org/wiki/Dual_economy
Economy,Economy of Ukraine,"The economy of Ukraine is a developing, upper-middle income, mixed economy. It grew rapidly from 2000 until 2008 when the Great Recession began worldwide and reached Ukraine. The economy recovered in 2010 and continued improving until 2013. The Russian incursion in Ukraine caused a severe economic decline from 2014 to 2015, with the country's gross domestic product in 2015 barely surpassing half of what it was in 2013. In 2016, the economy again started to grow. By 2018, the Ukrainian economy was growing rapidly, and reached almost 80% of its size in 2008.
The depression during the 1990s included hyperinflation and a fall in economic output to less than half of the GDP of the preceding Ukrainian SSR. GDP growth was recorded for the first time in 2000, and continued for eight years. This growth was halted by the global financial crisis of 2008. The Ukrainian economy recovered and achieved positive GDP growth in the first quarter of 2010. In the early 2010s, Ukraine was noted as possessing many of the components of a major European economy, such as rich farmlands, a well-developed industrial base, highly trained labour, and a good education system. It also has important mineral resources.
In October 2013, the Ukrainian economy lapsed into a recession. The previous summer, Ukrainian exports to Russia substantially declined due to stricter border and customs control by Russia. The early 2014 annexation of Crimea by Russia, and the war in Donbas that started in the spring of 2014 severely damaged Ukraine's economy and two of Ukraine's most industrial regions. In 2013, Ukraine saw zero GDP growth. Ukraine's economy shrank by 6.8% in 2014, and this continued with a 12% decline in GDP in 2015. In April 2017, the World Bank stated that Ukraine's economic growth rate was 2.3% in 2016, ending the recession. Despite these improvements, Ukraine remains the poorest country in Europe, which some have attributed to high corruption levels and the slow pace of economic liberalisation and institutional reform. The Russian Invasion of Ukraine in 2022 further deteriorated the country's economy.

",https://en.wikipedia.org/wiki/Economy_of_Ukraine
Economy,Mixed economy,"A mixed economy is an economic system that includes both elements associated with capitalism, such as private businesses, and with socialism, such as nationalized government services.
More specifically, a mixed economy may be variously defined as an economic system blending elements of a market economy with elements of a planned economy, markets with state interventionism, or private enterprise with public enterprise. Common to all mixed economies is a combination of free-market principles and principles of socialism.
While there is no single definition of a mixed economy, one definition is about a mixture of markets with state interventionism, referring specifically to a capitalist market economy with strong regulatory oversight and extensive interventions into markets. Another is that of active collaboration of capitalist and socialist visions. Yet another definition is apolitical in nature, strictly referring to an economy containing a mixture of private enterprise with public enterprise. Alternatively, a mixed economy can refer to a reformist transitionary phase to a socialist economy that allows a substantial role for private enterprise and contracting within a dominant economic framework of public ownership. This can extend to a Soviet-type planned economy that has been reformed to incorporate a greater role for markets in the allocation of factors of production.
The idea behind a mixed economy, as advocated by John Maynard Keynes and several others, was not to abandon the capitalist mode of production but to retain a predominance of private ownership and control of the means of production, with profit-seeking enterprise and the accumulation of capital as its fundamental driving force. The difference from a laissez-faire capitalist system is that markets are subject to varying degrees of regulatory control and governments wield indirect macroeconomic influence through fiscal and monetary policies with a view to counteracting capitalism's history of boom and bust cycles, unemployment, and economic inequality. In this framework, varying degrees of public utilities and essential services are provided by the government, with state activity providing public goods and universal civic requirements, including education, healthcare, physical infrastructure, and management of public lands. This contrasts with laissez-faire capitalism, where state activity is limited to maintaining order and security, and providing public goods and services, as well as the legal framework for the protection of property rights and enforcement of contracts.
In reference to Western European economic models as championed by conservatives (Christian democrats), liberals (social liberals), and socialists (social democrats – social democracy was created as a combination of socialism and liberal democracy) as part of the post-war consensus, a mixed economy is in practice a form of capitalism where most industries are privately owned but there is a number of utilities and essential services under public ownership, usually around 15 to 20 percent.
In the post-war era, Western European social democracy became associated with this economic model. As an economic ideal, mixed economies are supported by people of various political persuasions, in particular social democrats. The contemporary capitalist welfare state has been described as a type of mixed economy in the sense of state interventionism, as opposed to a mixture of planning and markets, since economic planning was not a key feature or component of the welfare state.

",https://en.wikipedia.org/wiki/Mixed_economy
Economy,Economy of Romania,"The economy of Romania is a developing mixed economy, with a high degree of complexity. It ranks 12th in the European Union by total nominal GDP and 7th largest when adjusted by purchasing power (PPP). The World Bank notes that Romania's efforts are focused on accelerating structural reforms and strengthening institutions in order to further converge with the European Union. The country's economic growth has been one of the highest in the EU since 2010, with 2022 seeing a better-than-expected 4.8% increase.
In recent years, it witnessed growth rates such as: 4.8% in 2016, 7.1% in 2017, 4.4% in 2018 and 4.1% in 2019. In 2020, its GDP per capita in purchasing power standards reached 72% of the European Union average, up from 44% in 2007, the highest growth rate in the EU27. Romania's economy ranks 35th in the world by its total GDP (PPP), with a Int$784 billion annual output (2023 est.). 
The country is a leading destination in Central and Eastern Europe for foreign direct investment: the cumulative FDI since 1989 totals more than $170 billion. Romania is the largest electronics producer in the region. In the past 20 years Romania has also grown into a major center for mobile technology, information security, and related hardware research. The country is a regional leader in fields such as IT and motor vehicle production. Bucharest, the capital city, is one of the leading financial and industrial centres in Eastern Europe.",https://en.wikipedia.org/wiki/Economy_of_Romania
Economy,Circular economy,"A circular economy (also referred to as circularity or CE) is a model of resource production and consumption in any economy that involves sharing, leasing, reusing, repairing, refurbishing, and recycling existing materials and products for as long as possible. The concept aims to tackle global challenges such as climate change, biodiversity loss, waste, and pollution by emphasizing the design-based implementation of the three base principles of the model. The main three principles required for the transformation to a circular economy are: designing out waste and pollution, keeping products and materials in use, and regenerating natural systems. CE is defined in contradistinction to the traditional linear economy. 
The idea and concepts of a circular economy have been studied extensively in academia, business, and government over the past ten years. It has been gaining popularity because it can help to minimize carbon emissions and the consumption of raw materials, open up new market prospects, and, principally, increase the sustainability of consumption. At a government level, a circular economy is viewed as a method of combating global warming, as well as a facilitator of long-term growth. CE may geographically connect actors and resources to stop material loops at the regional level. In its core principle, the European Parliament defines CE as ""a model of production and consumption that involves sharing, leasing, reusing, repairing, refurbishing, and recycling existing materials and products as long as possible. In this way, the life cycle of products is extended."" Global implementation of circular economy can reduce global emissions by 22.8 billion tons, equivalent to 39% of global emissions produced in 2019. By implementing circular economy strategies in five sectors alone: cement, aluminum, steel, plastics, and food 9.3 billion metric tons of CO2 equivalent (equal to all current emissions from transportation), can be reduced. In a circular economy, business models play a crucial role in enabling the shift from linear to circular processes. Various business models have been identified that support circularity, including product-as-a-service, sharing platforms, and product life extension models, among others. These models aim to optimize resource utilization, reduce waste, and create value for businesses and customers alike, while contributing to the overall goals of the circular economy.
Businesses can also make the transition to the circular economy, where holistic adaptations in firms' business models are needed. The implementation of circular economy principles often requires new visions and strategies and a fundamental redesign of product concepts, service offerings, and channels towards long-life solutions, resulting in the so-called 'circular business models'. 

",https://en.wikipedia.org/wiki/Circular_economy
Economy,World economy,"The world economy or global economy is the economy of all humans in the world, referring to the global economic system, which includes all economic activities conducted both within and between nations, including production, consumption, economic management, work in general, financial transactions and trade of goods and services. In some contexts, the two terms are distinct: the ""international"" or ""global economy"" is measured separately and distinguished from national economies, while the ""world economy"" is simply an aggregate of the separate countries' measurements. Beyond the minimum standard concerning value in production, use and exchange, the definitions, representations, models and valuations of the world economy vary widely. It is inseparable from the geography and ecology of planet Earth.
It is common to limit questions of the world economy exclusively to human economic activity, and the world economy is typically judged in monetary terms, even in cases in which there is no efficient market to help valuate certain goods or services, or in cases in which a lack of independent research, genuine data or government cooperation makes calculating figures difficult. Typical examples are illegal drugs and other black market goods, which by any standard are a part of the world economy, but for which there is, by definition, no legal market of any kind.
However, even in cases in which there is a clear and efficient market to establish monetary value, economists do not typically use the current or official exchange rate to translate the monetary units of this market into a single unit for the world economy since exchange rates typically do not closely reflect worldwide value – for example, in cases where the volume or price of transactions is closely regulated by the government.
Rather, market valuations in a local currency are typically translated to a single monetary unit using the idea of purchasing power. This is the method used below, which is used for estimating worldwide economic activity in terms of real United States dollars or euros. However, the world economy can be evaluated and expressed in many more ways. It is unclear, for example, how many of the world's 7.8 billion people (as of March 2020) have most of their economic activity reflected in these valuations.
Until the middle of the 19th century, global output was dominated by China and India. Waves of the Industrial Revolution in Western Europe and Northern America shifted the shares to the Western Hemisphere. As of 2025, the following 21 countries or collectives have reached an economy of at least US$2 trillion by Gross Domestic Product (GDP) in nominal or Purchasing Power Parity (PPP) terms: Brazil, Canada, China, Egypt, France, Germany, India, Indonesia, Italy, Japan, Mexico, Poland, South Korea, Russia, Saudi Arabia, Spain, Turkey, the United Kingdom, the United States, the European Union and the African Union.
Between 1820 and 2000, global income inequality increased with almost 50%. However, this change occurred mostly before 1950. Afterwards, the level of inequality remained mostly stable. It is important to differentiate between between-country inequality, which was the driving force for this pattern, and within country inequality, which remained largely constant. Global income inequality peaked approximately in the 1970s, when world income was distributed bimodally into ""rich"" and ""poor"" countries with little overlap. Since then, inequality has been rapidly decreasing, and this trend seems to be accelerating. Income distribution is now unimodal, with most people living in middle-income countries.
As of 2000, a study by the World Institute for Development Economics Research at United Nations University found that the richest 1% of adults owned 40% of global assets, and that the richest 10% of adults accounted for 85% of the world total. The bottom half of the world adult population owned barely 1% of global wealth. Oxfam International reported that the richest 1 percent of people owned 48 percent of global wealth As of 2013, and would own more than half of global wealth by 2016. In 2014, Oxfam reported that the 85 wealthiest individuals in the world had a combined wealth equal to that of the bottom half of the world's population, or about 3.5 billion people.
Despite high levels of government investment, the global economy decreased by 3.4% in 2020 in the midst of the COVID-19 pandemic, an improvement from the World Bank's initial prediction of a 5.2 percent decrease. Cities account for 80% of global GDP, thus they faced the brunt of this decline. The world economy increased again in 2021 with an estimated 5.5 percent rebound.",https://en.wikipedia.org/wiki/World_economy
Economy,Economy of Salvation,"The Economy of Salvation, also called the Divine Economy, is that part of divine revelation in the Roman Catholic tradition that deals with God's creation and management of the world, particularly his plan of salvation accomplished through the Church. Economy comes from the Greek oikonomia (economy), literally, ""management of a household"" or ""stewardship"".
Church doctrine sees this as the elements and resources revealed by God as necessary for the sake of mankind's salvation through God's revelation and communication of himself to mankind. It refers to God's creation of all things, and of his governance of the world, especially with regard to Jesus' part in salvation, which includes his mission being fulfilled by his body, the Church, and through the sacraments.
Paragraph 1103 of the Catechism of the Catholic Church  also refers to the ""Economy of Salvation"" as the ""economy of Revelation"".
The term ""Economy of Salvation"" is first used by Origen of Alexandria, although references to the ""Divine Economy"", the ""Economy of God"" or simply the ""Economy"" are in earlier Church fathers.
Giorgio Agamben's The Kingdom and the Glory: For a Theological Genealogy of Economy and Government (2007; Eng. translation, 2011, p. 51) argues that this concept of ""economy"" (oikonomia) becomes narrowed to refer to a divine plan of salvation only after the Nicene dogma is established. In early Church history, the term also encompasses the ""organization of the divine life"" (51).

",https://en.wikipedia.org/wiki/Economy_of_Salvation
Economy,Running economy,"Running economy (RE) a complex, multifactorial concept that represents the sum of metabolic, cardiorespiratory, biomechanical and neuromuscular efficiency during running.: 33  Oxygen consumption (VO2) is the most commonly used method for measuring running economy, as the exchange of gases in the body, specifically oxygen and carbon dioxide, closely reflects energy metabolism. Those who are able to consume less oxygen while running at a given velocity are said to have a better running economy. However, straightforward oxygen usage does not account for whether the body is metabolising lipids or carbohydrates,  which produce different amounts of energy per unit of oxygen; as such, accurate measurements of running economy must use O2 and CO2 data to estimate the calorific content of the substrate that the oxygen is being used to respire.
In distance running, an athlete may attempt to improve performance through training designed to improve running economy. Running economy has been found to be a good predictor of race performance; it has been found to be a stronger correlate of performance than maximal oxygen uptake (VO2 max) in trained runners with the same values.
The idea of running economy is increasingly used to understand performance, as new technology can drastically lower running times over marathon distances, independently of physiology or even training. Factors affecting running economy include a runner’s biology, training regimens, equipment, and environment.",https://en.wikipedia.org/wiki/Running_economy
Economy,Economy of France,"The economy of France is a highly developed social market economy with notable state participation in strategic sectors. It is the world's seventh-largest economy by nominal GDP and the ninth-largest economy by PPP, constituting around 4% of world GDP. Due to a volatile currency exchange rate, France's GDP as measured in dollars fluctuates sharply, being smaller in 2024 than in 2008. France has a diversified economy, that is dominated by the service sector (which in 2017 represented 78.8% of its GDP), whilst the industrial sector accounted for 19.5% of its GDP and the primary sector accounted for the remaining 1.7%. In 2020, France was the largest Foreign Direct Investment recipient in Europe, and Europe's second largest spender in research and development. It was ranked among the 10 most innovative countries in the world by the 2020 Bloomberg Innovation Index, as well as the 15th most competitive nation globally according to the 2019 Global Competitiveness Report (up 2 notches compared to 2018). It was the fifth-largest trading nation in the world (and second in Europe after Germany). France is also the most visited destination in the world, as well as the European Union's leading agricultural power.
According to the International Monetary Fund (IMF), in 2023, France was the world's 23rd country by GDP per capita with $44,408 per inhabitant. In 2021, France was listed on the United Nations's Human Development Index with a value of 0.903 (indicating very high human development) and 22nd on the Corruption Perceptions Index in 2021. Among OECD members, France has a highly efficient and strong social security system, which comprises roughly 31.7% of GDP. The Republic of France is one of the countries with the largest economic potential in Europe and the world.  It belongs to the ""Big Seven"" group.    
Paris is a leading global city, and has one of the largest city GDP in the world. It ranks as the first city in Europe (and 3rd worldwide) by the number of companies classified in Fortune's Fortune Global 500. Paris produced US$738 billion (or US$882 billion at market exchange rates) or around 1/3 of the French economy in 2018 while the economy of the Paris metropolitan area—the largest in Europe with London—generates around 1/3 of France's GDP or around $1.0 trillion. Paris has been ranked as the 2nd most attractive global city in the world in 2019 by KPMG. La Défense, Paris's Central Business District, was ranked by Ernst & Young in 2017 as the leading business district in continental Europe, and fourth in the world. The OECD is headquartered in Paris, the nation's financial capital. The other major economic centres of the country include Lyon, Toulouse (centre of the European aerospace industry), Marseille and Lille.
France's economy entered the recession of the late 2000s later and appeared to leave it earlier than most affected economies, only enduring four-quarters of contraction. However, France experienced stagnant growth between 2012 and 2014, with the economy expanding by 0% in 2012, 0.8% in 2013 and 0.2% in 2014. Growth picked up in 2015 with a growth of 0.8%. This was followed by a growth of 1.1% for 2016, a growth of 2.2% for 2017, and a growth of 2.1% for 2018.
According to INSEE (2021), non-financial and non-agricultural medium-sized firms employed 3 million full-time equivalent employees (24.3% of the workforce), accounted for 27% of investment, 30% of turnover, and 26% of value added, despite accounting for only 1.6% of total firms in France.",https://en.wikipedia.org/wiki/Economy_of_France
Economy,Economy of the United States,"The United States has a highly developed mixed economy. It is the world's largest economy by nominal GDP and second largest by purchasing power parity (PPP). As of 2025, it has the world's seventh highest nominal GDP per capita and ninth highest GDP per capita by PPP. The U.S. accounted for 26% of the global economy in 2023 in nominal terms, and about 15.5% in PPP terms. The U.S. dollar is the currency of record most used in international transactions and is the world's reserve currency, backed by a large U.S. treasuries market, its role as the reference standard for the petrodollar system, and its linked eurodollar. Several countries use it as their official currency and in others it is the de facto currency. Since the end of World War II, the economy has achieved relatively steady growth, low unemployment and inflation, and rapid advances in technology.
The American economy is fueled by high productivity, well-developed transportation infrastructure, and extensive natural resources. Americans have the sixth highest average household and employee income among OECD member states. In 2021, they had the highest median household income among OECD countries, although the country also had one of the world's highest income inequalities among the developed countries. The largest U.S. trading partners are Canada, Mexico, China, Japan, Germany, South Korea, the United Kingdom, Taiwan, India, and Vietnam. The U.S. is the world's largest importer and second-largest exporter. It has free trade agreements with several countries, including Canada and Mexico (through the USMCA), Australia, South Korea, Israel, and several others that are in effect or under negotiation. The U.S. has a highly flexible labor market, where the industry adheres to a hire-and-fire policy, and job security is relatively low. Among OECD nations, the U.S. has a highly efficient social security system; social expenditure stood at roughly 30% of GDP. 
The United States is the world's largest producer of petroleum, natural gas, and blood products. In 2016, it was the world's largest trading country, and second largest manufacturer, with American manufacturing making up a fifth of the global total. The U.S. has the largest internal market for goods, and also dominates the services trade. Total U.S. trade was $4.2 trillion in 2018. Of the world's 500 largest companies, 139 are headquartered in the U.S. The U.S. has the world's highest number of billionaires, with total wealth of $5.7 trillion. U.S. commercial banks had $22.9 trillion in assets in December 2022. U.S. global assets under management had more than $30 trillion in assets. During the Great Recession of 2008, the U.S. economy suffered a significant decline. The American Reinvestment and Recovery Act was enacted by the United States Congress, and in the ensuing years the U.S. experienced the longest economic expansion on record by July 2019.
The New York Stock Exchange and Nasdaq are the world's largest stock exchanges by market capitalization and trade volume. The U.S. has the world's largest gold reserves, with over 8,000 tonnes of gold. In 2014, the U.S. economy was ranked first in international ranking on venture capital and global research and development funding. The U.S. spends around 3.46% of GDP on cutting-edge research and development across various sectors of the economy. Consumer spending comprised 68% of the U.S. economy in 2022, while its labor share of income was 44% in 2021. The U.S. has the world's largest consumer market. The nation's labor market has attracted immigrants from all over the world and its net migration rate is among the highest in the world. The U.S. is one of the top-performing economies in studies such as the Ease of Doing Business Index, the Global Competitiveness Report, and others.",https://en.wikipedia.org/wiki/Economy_of_the_United_States
Economy,Economy of Poland,"The economy of Poland is an emerging and developing, high-income, industrialized mixed economy that serves as the sixth-largest in the European Union by nominal GDP and fifth-largest by GDP (PPP). Poland boasts the extensive public services characteristic of most developed economies and is one of few countries in Europe to provide no tuition fees for undergraduate and postgraduate education and with universal public healthcare that is free at a point of use. Since 1988, Poland has pursued a policy of economic liberalisation but retained an advanced public welfare system. It ranks 19th worldwide in terms of GDP (PPP), 21st in terms of GDP (nominal), and 21st in the 2023 Economic Complexity Index. Among OECD nations, Poland has a highly efficient and strong social security system; social expenditure stood at roughly 22.7% of GDP.
The largest component of Poland's economy is the service sector (62.3%), followed by industry (34.2%) and agriculture (3.5%). Following the economic reform of 1989, Poland's external debt has increased from $42.2 billion in 1989 to $365.2 billion in 2014. Poland shipped US$224.6 billion worth of goods around the globe in 2017, while exports increased to US$221.4 billion. The country's top export goods include machinery, electronic equipment, vehicles, furniture, and plastics. Poland was the only economy in the EU to avoid a recession during the 2008 financial crisis.
As of 2019, the Polish economy had been growing steadily for 28 years, a record high in the EU. This record was only surpassed by Australia in the world economy. GDP per capita at purchasing power parity has grown on average by 6% p.a. over the last 20 years, the highest in Central Europe. Poland's GDP has increased seven-fold since 1990.

",https://en.wikipedia.org/wiki/Economy_of_Poland
Economy,Gift economy,"A gift economy or gift culture is a system of exchange where valuables are not sold, but rather given without an explicit agreement for immediate or future rewards. Social norms and customs govern giving a gift in a gift culture; although there is some expectation of reciprocity, gifts are not given in an explicit exchange of goods or services for money, or some other good or service. This contrasts with a market economy or bartering, where goods and services are primarily explicitly exchanged for value received.
The nature of gift economies is the subject of a foundational debate in anthropology. Anthropological research into gift economies began with Bronisław Malinowski's description of the Kula ring in the Trobriand Islands during World War I. The Kula trade appeared to be gift-like since Trobrianders would travel great distances over dangerous seas to give what were considered valuable objects without any guarantee of a return. Malinowski's debate with the French anthropologist Marcel Mauss quickly established the complexity of ""gift exchange"" and introduced a series of technical terms such as reciprocity, inalienable possessions, and presentation to distinguish between the different forms of exchange.
According to anthropologists Maurice Bloch and Jonathan Parry, it is the unsettled relationship between market and non-market exchange that attracts the most attention. Some authors argue that gift economies build community, while markets harm community relationships.
Gift exchange is distinguished from other forms of exchange by a number of principles, such as the form of property rights governing the articles exchanged; whether gifting forms a distinct ""sphere of exchange"" that can be characterized as an ""economic system""; and the character of the social relationship that the gift exchange establishes. Gift ideology in highly commercialized societies differs from the ""prestations"" typical of non-market societies. Gift economies also differ from related phenomena, such as common property regimes and the exchange of non-commodified labour.",https://en.wikipedia.org/wiki/Gift_economy
Economy,Economy of Nigeria,"The economy of Nigeria is a middle-income, mixed economy and emerging market with expanding manufacturing, financial, service, communications, technology, and entertainment sectors. It is ranked as the 53rd-largest economy in the world in terms of nominal GDP, the sixth largest in Africa and the 27th-largest in terms of purchasing power parity.
The country's re-emergent manufacturing sector became the largest on the continent in 2013, and it produces a large proportion of goods and services for the region of West Africa. Nigeria's debt-to-GDP ratio was 36.63% in 2021 according to the IMF.
Although oil revenues contributed 2/3 of state revenues, oil only contributes about 9% to the GDP. Nigeria produces about 2.7% of the world's oil supply. Although the petroleum sector is important, as Nigeria's government revenues still heavily rely on this sector, it remains a small part of the country's overall economy. The largely subsistence agricultural sector has not kept up with the country's rapid population growth. Nigeria was once a large net exporter of food, but currently imports some of its food products. Mechanization has led to a resurgence in the manufacturing and exporting of food products, and there was consequently a move towards food sufficiency. In 2006, Nigeria came to an agreement with the Paris Club to buy back the bulk of its owed debts from them, in exchange for a cash payment of roughly US$12 billion.
According to a report by Citigroup, published in February 2011, Nigeria had the highest average GDP growth in the world between 2010 and 2050. Nigeria is one of two countries from Africa among the 11 Global Growth Generators countries.",https://en.wikipedia.org/wiki/Economy_of_Nigeria
Economy,Economy of Albania,"The economy of Albania went through a process of transition from a centralized economy to a market-based economy on the principles of the free market.
Albania's economy is based on the service (54.1%), agriculture (21.7%), and industrial (24.2%) sectors. The country has some natural resources, and the economy is mainly bolstered by agriculture, food processing, lumber, oil, cement, chemicals, mining, basic metals, hydro power, tourism, textile industry, and petroleum extraction. The strongest sectors are energy, mining, metallurgy, agriculture, and tourism. Primary industrial exports are clothing and chrome.
Tourism has been a notable source of national income, particularly during the summer months. With over 6.4 million tourists visiting Albania  in 2019, tourism generates revenue in excess of $2.4 billion annually.",https://en.wikipedia.org/wiki/Economy_of_Albania
Economy,Economy of Croatia,"The economy of Croatia is a developed mixed economy. It is one of the largest economies in Southeast Europe by nominal gross domestic product (GDP). It is an open economy with accommodative foreign policy, highly dependent on international trade in Europe. Within Croatia, economic development varies among its counties, with strongest growth in Central Croatia and its financial centre, Zagreb. It has a very high level of human development, low levels of income inequality, and a high quality of life. Croatia's labor market has been perennially inefficient, with inconsistent business standards as well as ineffective corporate and income tax policy.
Croatia's economic history is closely linked to its historic nation-building efforts. Its pre-industrial economy leveraged the country's geography and natural resources to guide agricultural growth. The 1800s saw a shipbuilding boom, railroading, and industrial production. During the 1900s, Croatia entered into a planned economy (with socialism) in 1941 and a command economy (with communism) during World War II. It experienced rapid urbanization in the 1950s and decentralized in 1965, diversifying its economy before the collapse of Yugoslavia during the 1990s. The Croatian War of Independence (1991–95) curbed 21–25% of wartime GDP, leaving behind a developing transition economy.
The modern Croatian economy is considered high-income and dominated by its tertiary service sector, which accounts for 70% of GDP. The high levels of tourism in Croatia contributes to nearly 20% of GDP, with a total of 20.6 million tourists visiting in 2023. Croatia is an emerging energy power in the region, with strategic investments in liquefied natural gas (LNG), geothermal power, and electric automobiles. It supports regional economic activity via transportation networks across the Adriatic Sea and throughout Pan-European corridors. As a member of the European Union, Eurozone, and Schengen Area, it uses the euro (€) as official currency. Croatia has free-trade agreements with many world nations and is a part of the World Trade Organization (2000) and the EEA (2013).",https://en.wikipedia.org/wiki/Economy_of_Croatia
Economy,Sufficiency economy,"Sufficiency economy (Thai: เศรษฐกิจพอเพียง, romanized: Setthakit Phophiang) is the name of a Thai development approach attributed to the late King Bhumibol Adulyadej's ""sufficiency economy philosophy"" (SEP). It has been elaborated upon by Thai academics and agencies, promoted by the Government of Thailand, and applied by over 23,000 villages in Thailand that have SEP-based projects in operation.: 33 

",https://en.wikipedia.org/wiki/Sufficiency_economy
Economy,Economy of Kenya,"The economy of Kenya is market-based with a few state enterprises. Kenya has an emerging market and is an averagely industrialised nation ahead of its East African peers. Currently a lower middle income nation, Kenya plans to be a newly industrialised nation by 2030. The major industries driving the Kenyan economy include financial services, agriculture, real estate, manufacturing, logistics, tourism, retail and energy. As of 2020, Kenya had the third largest economy in Sub-Saharan Africa, behind Nigeria and South Africa. Regionally, Kenya has had a stronger and more stable economy compared to its neighboring countries within East Africa. By 2023, the country had become Africa's largest start-up hub by both funds invested and number of projects.
The government of Kenya is generally investment-friendly and has enacted several regulatory reforms to simplify foreign and local investment, including the creation of an export processing zone. An increasingly significant portion of Kenya's foreign financial inflows are remittances by Kenyans in the Diaspora, who work in the United States, the Middle East, Europe and Asia. According to data by the Central Bank of Kenya, remittances from Kenyans living abroad make up over 3.4 percent of the Gross Domestic Product (GDP).
As of September 2018, economic prospects were positive, with above 6% gross domestic product (GDP) growth expected. This growth was attributed largely to expansions in the telecommunications, transport, and construction sectors; a recovery in agriculture; and the rise of small businesses helping to pull the economy. These improvements are supported by a large pool of highly educated professional workers. There is a high level of IT literacy and innovation, especially among young Kenyans.
In 2020, Kenya ranked 56th in the World Bank ease of doing business rating, up from 61st in 2019 (of 190 countries). Compared to its neighbours, Kenya has a well-developed social and physical infrastructure.",https://en.wikipedia.org/wiki/Economy_of_Kenya
Economy,Economy of Greece,"The economy of Greece is the 50th largest in the world, with a nominal gross domestic product (GDP) of $267.348 billion per annum. In terms of purchasing power parity, Greece is the world's 54th largest economy, at $467.590 billion per annum. Greece is the sixteenth largest economy in the European Union and eleventh largest in the eurozone. According to the International Monetary Fund's figures for 2025, Greece's GDP per capita is $25,756 at nominal value and $45,048 at purchasing power parity. Among OECD nations, Greece has a highly efficient and strong social security system; social expenditure stood at roughly 24.1% of GDP.
Greece is a developed country, with an economy based on the service (80%) and industrial sectors (16%), and the agricultural sector contributing an estimated 4% of national economic output in 2017. Important Greek industries include tourism and shipping. With 31.3 million international tourists in 2019, Greece was the 7th most visited country in the European Union and 13th in the world, marking a steady increase from 18 million tourists in 2013. The Greek Merchant Navy is the largest in the world, with Greek-owned vessels accounting for 21% of global deadweight tonnage as of 2021; the total capacity of the Greek-owned fleet has increased by 45.8% compared to 2014. The increased demand for international maritime transportation between Greece and Asia has resulted in unprecedented investment in the shipping industry.
The country is a significant agricultural producer within the EU. Greece has the largest economy in the Balkans and is an important regional investor. Greece was the largest foreign investor in Albania in 2013, the third in Bulgaria, in the top-three in Romania and Serbia and the most important trading partner and largest foreign investor in North Macedonia. The Greek telecommunications company OTE has become a strong investor in certain former Yugoslav and other Balkan countries.
Greece is classified as an advanced, high-income economy, and was a founding member of the Organisation for Economic Co-operation and Development (OECD) and of the Organization of the Black Sea Economic Cooperation (BSEC). The country joined what is now the European Union in 1981. In 2001 Greece adopted the euro as its currency, replacing the Greek drachma at an exchange rate of 340.75 drachmae per euro. Greece is a member of the International Monetary Fund and of the World Trade Organization, and ranked 34th on Ernst & Young's Globalization Index 2011.
World War II (1939–1945) devastated the country's economy, but the high levels of economic growth that followed from 1950 to 1980 have been called the Greek economic miracle. From 2000 Greece saw high levels of GDP growth above the Eurozone average, peaking at 5.8% in 2003, 5.4% in 2004 and 6.4% in 2006. The subsequent Great Recession and Greek government-debt crisis, a central focus of the wider European debt crisis, plunged the economy into a sharp downturn, with real GDP growth rates of −4.1% in 2009, −5.7% in 2010, −9.9% in 2011, −8.3% in 2012 and −2.3% in 2013. In 2011, the country's public debt reached €356 billion (172% of nominal GDP). After negotiating the biggest debt restructuring in history with the private sector, which sustained losses in the order of €100 billion for private bond investors, Greece reduced its sovereign debt burden to €280 billion (137% of GDP) in the first quarter of 2012. Greece achieved a real GDP growth rate of 0.8% in 2014—after five consecutive years of economic decline—but the economy contracted by 0.2% in 2015 and recorded zero growth in 2016. The country returned to modest growth rates of 1.5% in 2017, 2.1% in 2018 and 2.3% in 2019. GDP contracted by 9.2% in 2020 during the global recession caused by the COVID-19 pandemic. However, the economy rebounded by 8.7% in 2021, 5.7% in 2022, 2.3% in 2023 and 2.3% in 2024. On 20 August 2022, Greece formally exited the EU's ""enhanced surveillance framework"", which had been in place since the conclusion of the third bailout programme exactly four years earlier. According to Prime Minister Kyriakos Mitsotakis, the event heralded ""greater national leeway in our economic choices"" and marked the end of a ""12-year cycle that brought pain to citizens"". On 2 December 2022, Berlin-based credit rating agency Scope assigned a positive outlook to Greece's BB+ rating, presaging the country's return to investment grade. On 31 July 2023, Greece's investment-grade status was restored by Japanese credit rating agency R&I. Scope, DBRS, S&P and Fitch followed suit on 4 August, 8 September, 20 October and 1
December 2023 respectively,  but Moody's delayed doing so until 14 March 2025. The Economist ranked Greece the world's top economic performer for 2022 and 2023, citing significant improvements in five key economic and financial indicators. Tourism reached an all-time record in 2023, with approximately 32 million tourists making Greece one of the most visited countries in the world.",https://en.wikipedia.org/wiki/Economy_of_Greece
Economy,Economy of Cuba,"The economy of Cuba is a planned economy dominated by state-run enterprises. Through the 1990s, the ruling Communist Party of Cuba encouraged the formation of worker co-operatives and self-employment. In the late 2010s, private property and free-market rights along with foreign direct investment were granted by the 2018 Cuban constitution. Foreign direct investment in various Cuban economic sectors increased before 2018. As of 2021, Cuba's private sector is allowed to operate in most sectors of the economy. As of 2023, public-sector employment was 65%, and private-sector employment was 35%, compared to the 2000 ratio of 76% to 23% and the 1981 ratio of 91% to 8%. Investment is restricted and requires approval by the government. In 2021, Cuba ranked 83rd out of 191 on the Human Development Index in the high human development category. As of 2012, the country's public debt comprised 35.3% of GDP, inflation (CDP) was 5.5%, and GDP growth was 3%. Housing and transportation costs are low. Cubans receive government-subsidized education, healthcare, and food subsidies.
Historically, Cuba was one of the most prosperous Latin American countries. At the time of the Cuban Revolution of 1953–1959, during the military dictatorship of Fulgencio Batista, Cuba's GDP per capita was ranked 7th of 47 Latin American economies. Its income distribution compared favorably with that of other Latin American countries. However, ""available data must be viewed cautiously and assumed to portray merely a rough approximation of conditions at the time,"" according to Susan Eckstein. There were profound social inequalities between city and countryside and between whites and blacks, with trade and unemployment problems. According to an American PBS program, ""[o]n the eve of Fidel Castro's 1959 revolution, Cuba was neither the paradise that would later be conjured by the nostalgic imaginations of Cuba's many exiles nor the hellhole painted by many supporters of the revolution."" The socialist revolution was followed by the ongoing United States embargo against Cuba, described as ""the oldest and most comprehensive US economic sanctions regime against any country in the world.""
Between 1970 and 1985, Cuba sustained high rates of growth: ""Cuba had done remarkably well in terms of satisfying basic needs (especially education and health)"" and ""was actually following the World Bank recipe from the 1970s: redistribution with growth"". During the Cold War, the Cuban economy was heavily dependent on subsidies from the Soviet Union, amounting to 10% to 40% of Cuban GDP in various years, and valued at $65 billion in total from 1960 to 1990, over three times the total U.S. economic aid to Latin America through the Alliance for Progress. While the massive Soviet subsidies funded Cuba's enormous state budget, they did not sufficiently develop a self-sustaining Cuban economy. Described by economists as ""a relatively highly developed Latin American export economy"" in 1959 and the early 1960s, Cuba's fundamental economic structure changed very little from the Revolution to 1990. Cigars and cigarettes were the only manufactured products among Cuba's leading exports, produced mostly by pre-industrial piecework. The economy remained inefficient and over-specialized in a few commodities purchased by the Eastern Bloc countries. 
Following the fall of the Soviet Union, Cuba's GDP declined by 33% between 1990 and 1993, partially due to the loss of Soviet subsidies augmented by a crash in sugar prices in the early 1990s. This economic crisis is known as the Special Period. Cuba's economy rebounded in the early 2000s due to a combination of marginal liberalization of the economy and heavy subsidies from the government of Venezuela, which provided Cuba with low-cost oil and other subsidies worth up to 12% of Cuban GDP annually.",https://en.wikipedia.org/wiki/Economy_of_Cuba
Economy,Economy of Mexico,"The economy of Mexico is a developing mixed-market economy. It is the 13th largest in the world in nominal GDP terms and by purchasing power parity as of 2024. Since the 1994 crisis, administrations have improved the country's macroeconomic fundamentals. Mexico was not significantly influenced by the 2002 South American crisis and maintained positive, although low, rates of growth after a brief period of stagnation in 2001. However, Mexico was one of the Latin American nations most affected by the 2008 recession, with its gross domestic product contracting by more than 6% that year. Among OECD nations, Mexico has a fairly strong social security system; social expenditure stood at roughly 7.5% of GDP. 
The Mexican economy has maintained high macroeconomic stability, reducing inflation and interest rates to record lows. Despite this, significant gaps persist between the urban and the rural population, the northern and southern states, and the rich and the poor. Some of the unresolved issues include the upgrade of infrastructure, the modernization of the tax system and labor laws, and the reduction of income inequality. Tax revenues, 19.6 percent of GDP in 2013, were the lowest among the 34 OECD countries. The main problems Mexico faces are poverty rates and regional inequalities remaining high. The lack of formality, financial exclusion, and corruption has limited productivity growth. The medium-term growth prospects were also affected by a lower proportion of women in the workforce, and investment has not been strong since 2015.
The economy contains rapidly developing modern industrial and service sectors, with increasing private ownership. Recent administrations have expanded competition in ports, railroads, telecommunications, electricity generation, natural gas distribution, and airports, to upgrade infrastructure. As an export-oriented economy, more than 90% of Mexican trade is under free trade agreements (FTAs) with more than 40 countries, including the European Union, Japan, Israel, and much of Central and South America. The most influential FTA is the United States–Mexico–Canada Agreement (USMCA), which came into effect in 2020 and was signed in 2018 by the governments of the United States, Canada, and Mexico. In 2006, trade with Mexico's two northern partners accounted for almost 90% of its exports and 55% of its imports. Recently, Congress approved important tax, pension, and judicial reforms. In 2023, Mexico had 13 companies in the Forbes Global 2000 list of the world's largest companies.
Mexico's labor force consisted of 52.8 million people as of 2015. The OECD and WTO both rank Mexican workers as the hardest-working in the world in terms of the number of hours worked yearly. Pay per hour worked remains low.
Mexico is a highly unequal country: 0.2% of the population owns 60% of the country's wealth, while 46.8 million people live in poverty (2024).",https://en.wikipedia.org/wiki/Economy_of_Mexico
Economy,Digital economy,"The digital economy is a portmanteau of digital computing and economy, and is an umbrella term that describes how traditional brick-and-mortar economic activities (production, distribution, trade) are being transformed by the Internet and World Wide Web technologies. It has also been defined more broadly as the way ""digital technologies are transforming work, organizations, and the economy.""
The digital economy is backed by the spread of information and communication technologies (ICT) across all business sectors to enhance productivity. A phenomenon referred to as the Internet of Things (IoT) is increasingly prevalent, as consumer products are embedded with digital services and devices.
According to the WEF, 70% of the global economy will be made up of digital technology over the next 10 years (from 2020 onwards). This is a trend accelerated by the COVID-19 pandemic and the tendency to go online. The future of work, especially since the COVID-19 pandemic, also contributed to the digital economy. More people are now working online, and with the increase of online activity that contributes to the global economy, companies that support the systems of the Internet are more profitable.

Digital transformation of the economy alters conventional notions about how businesses are structured, how consumers obtain goods and services, and how states need to adapt to new regulatory challenges. The digital economy has the potential to shape economic interactions between states, businesses and individuals profoundly. The emergence of the digital economy has prompted new debates over privacy rights, competition, and taxation, with calls for national and transnational regulations of the digital economy.

",https://en.wikipedia.org/wiki/Digital_economy
Economy,Economy of Canada,"The economy of Canada is a highly developed mixed economy, the world's ninth-largest as of 2024, and a nominal GDP of approximately US$2.117 trillion. Canada is one of the world's largest trading nations, with a highly globalized economy. In 2021, Canadian trade in goods and services reached $2.016 trillion. Canada's exports totalled over $637 billion, while its imported goods were worth over $631 billion, of which approximately $391 billion originated from the United States. In 2018, Canada had a trade deficit in goods of $22 billion and a trade deficit in services of $25 billion.  The Toronto Stock Exchange is the tenth-largest stock exchange in the world by market capitalization, listing over 1,500 companies with a combined market capitalization of over US$3 trillion.
Canada has a strong cooperative banking sector, with the world's highest per-capita membership in credit unions. It ranks low in the Corruption Perceptions Index (12th in 2023) and ""is widely regarded as among the least corrupt countries of the world"". It ranks high in the Global Competitiveness Report (14th in 2019) and Global Innovation Indexes (15th in 2022). Canada's economy ranks above most Western nations on The Heritage Foundation's Index of Economic Freedom and experiences a relatively low level of income disparity. The country's average household disposable income per capita is ""well above"" the OECD average. Canada ranks among the lowest of the most developed countries for housing affordability and  foreign direct investment. Among OECD members, Canada has a highly efficient and strong social security system; social expenditure stood at roughly 23.1% of GDP.
Since the early 20th century, the growth of Canada's manufacturing, mining, and service sectors has transformed the nation from a largely rural economy to an urbanized, industrial one. Like many other developed countries, the Canadian economy is dominated by the service industry, which employs about three-quarters of the country's workforce. Among developed countries, Canada has an unusually important primary sector, of which the forestry and petroleum industries are the most prominent components. Many towns in northern Canada, where agriculture is difficult, are sustained by nearby mines or sources of timber. Canada spends around 1.70% of GDP on advanced research and development across various sectors of the economy.
Canada's economic integration with the United States has increased significantly since World War II. The Automotive Products Trade Agreement of 1965 opened Canada's borders to trade in the automobile manufacturing industry. In the 1970s, concerns over energy self-sufficiency and foreign ownership in the manufacturing sectors prompted the federal government to enact the National Energy Program (NEP) and the Foreign Investment Review Agency (FIRA). The government abolished the NEP in the 1980s and changed the name of FIRA to Investment Canada to encourage foreign investment. The Canada – United States Free Trade Agreement (FTA) of 1988 eliminated tariffs between the two countries, while the North American Free Trade Agreement (NAFTA) expanded the free-trade zone to include Mexico in 1994 (later replaced by the Canada–United States–Mexico Agreement). As of 2023, Canada is a signatory to 15 free trade agreements with 51 countries.
Canada is one of the few developed nations that are net exporters of energy. Atlantic Canada possesses vast offshore deposits of natural gas, and Alberta hosts the fourth-largest oil reserves in the world. The vast Athabasca oil sands and other oil reserves give Canada 13 percent of global oil reserves, constituting the world's third or fourth-largest. Canada is additionally one of the world's largest suppliers of agricultural products; the Canadian Prairies are one of the most important global producers of wheat, canola, and other grains. The country is a leading exporter of zinc, uranium, gold, nickel, platinoids, aluminum, steel, iron ore, coking coal, lead, copper, molybdenum, cobalt, and cadmium. Canada has a sizeable manufacturing sector centred in southern Ontario and Quebec, with automobiles and aeronautics representing particularly important industries. The fishing industry is also a key contributor to the economy.",https://en.wikipedia.org/wiki/Economy_of_Canada
Economy,Green economy,"A green economy is an economy that aims at reducing environmental risks and ecological scarcities, and that aims for sustainable development without degrading the environment. It is closely related with ecological economics, but has a more politically applied focus. The 2011 UNEP Green Economy Report argues ""that to be green, an economy must not only be efficient, but also fair. Fairness implies recognizing global and country level equity dimensions, particularly in assuring a Just Transition to an economy that is low-carbon, resource efficient, and socially inclusive.""
A feature distinguishing it from prior economic regimes is the direct valuation of natural capital and ecological services as having economic value (see The Economics of Ecosystems and Biodiversity and Bank of Natural Capital) and a full cost accounting regime in which costs externalized onto society via ecosystems are reliably traced back to, and accounted for as liabilities of, the entity that does the harm or neglects an asset.
Green sticker and ecolabel practices have emerged as consumer facing indicators of friendliness to the environment and sustainable development. Many industries are starting to adopt these standards as a way to promote their greening practices in a globalizing economy. Also known as sustainability standards, these standards are special rules that guarantee the products bought do not hurt the environment and the people that make them. The number of these standards has grown recently and they can now help build a new, greener economy. They focus on economic sectors like forestry, farming, mining or fishing, among others; concentrate on environmental factors like protecting water sources and biodiversity, or reducing greenhouse gas emissions; support social protections and workers' rights; and home in on specific parts of production processes.",https://en.wikipedia.org/wiki/Green_economy
Economy,Informal economy,"An informal economy (informal sector or grey economy) is the part of any economy that is neither taxed nor monitored by any form of government. Although the informal sector makes up a significant portion of the economies in developing countries, it is sometimes stigmatized as troublesome and unmanageable. However, the informal sector provides critical economic opportunities for the poor and has been expanding rapidly since the 1960s. Integrating the informal economy into the formal sector is an important policy challenge.
In many cases, unlike the formal economy, activities of the informal economy are not included in a country's gross national product (GNP) or gross domestic product (GDP). However, Italy has included estimates of informal activity in their GDP calculations since 1987, which swells their GDP by an estimated 18% and in 2014, a number of European countries formally changed their GDP calculations to include prostitution and narcotics sales in their official GDP statistics, in line with international accounting standards, prompting an increase between 3-7%. The informal sector can be described as a grey market in labour. Other concepts that can be characterized as informal sector can include the black market (shadow economy, underground economy), agorism, and System D. Associated idioms include ""under the table"", ""off the books"", and ""working for cash"".",https://en.wikipedia.org/wiki/Informal_economy
Economy,Roman economy,"The study of the economies of the ancient city-state of Rome and its empire during the Republican and Imperial periods remains highly speculative. There are no surviving records of business and government accounts, such as detailed reports of tax revenues, and few literary sources regarding economic activity. Instead, the study of this ancient economy is today mainly based on the surviving archeological and literary evidence that allow researchers to form conjectures based on comparisons with other more recent pre-industrial economies.
During the early centuries of the Roman Republic, it is conjectured that the economy was largely agrarian and centered on the trading of commodities such as grain and wine. Financial markets were established through such trade, and financial institutions, which extended credit for personal use and public infrastructure, were established primarily by interfamily wealth. In times of agricultural and cash shortfall, Roman officials and moneyers tended to respond by coining money, which happened during the prolonged crisis of the First Punic War and created economic distortion and difficulties.
Following the Punic Wars, during the late Republic and the early Roman Empire, the economy became more monetized and a more sophisticated financial system emerged. Emperors issued coinage stamped with their portraits to disseminate propaganda, to create public goodwill, and to symbolize their wealth and power. The Roman Imperial monetary economy often suffered bouts of inflation in part by emperors who issued money to fund high-profile imperial projects such as public building works or costly wars that offered opportunities for propaganda but little or no material gain.
Emperors of the Antonine and the Severan dynasties overall debased the currency, particularly the denarius, under the pressures of meeting military payrolls. Sudden inflation during the reign of Commodus damaged the credit market. In the mid-200s, the supply of specie contracted sharply. Conditions during the Crisis of the Third Century, such as reductions in long-distance trade, the disruption of mining operations, and the physical transfer of gold coinage outside the empire by invading enemies, greatly diminished the money supply and the banking sector by the year 300. Although Roman coinage had long been fiat money or fiduciary currency, general economic anxieties came to a head under Aurelian, and bankers lost confidence in coins legitimately issued by the central government. Despite Diocletian's introduction of the gold solidus and monetary reforms, the credit market of the Empire never recovered its former robustness.

",https://en.wikipedia.org/wiki/Roman_economy
Economy,Economy of Malaysia,"The economy of Malaysia is an emerging and developing, upper-middle income, highly industrialised, mixed economy. It ranks the 36th largest in the world in terms of nominal GDP, however, when measured by purchasing power parity, its GDP climbs to the 30th largest. Malaysia is forecasted to have a nominal GDP of nearly half a trillion US$ by the end of 2024.  The labour productivity of Malaysian workers is the 62nd highest in the world and significantly higher than China, Indonesia, Vietnam, and the Philippines. 
Malaysia excels above similar income group peers in terms of business competitiveness and innovation. Global Competitiveness Report 2024 ranks Malaysian economy as the 34th most competitive country economy in the world while Global Innovation Index 2024 ranks Malaysia as the 33rd most innovative nation globally.
Malaysia is the 35th most trade intensive economy globally; higher than Denmark, Norway, Germany, and Sweden with total trade activities at 132% of its GDP. In addition, the Malaysian economy has developed vertical and horizontal integration across several export linked industry while capturing a significant global market share for manufactured products and commodities ranging from integrated circuit, semiconductor, and palm oil to liquefied natural gas. Furthermore, Malaysia is an important nexus in the global semiconductor market and is the third largest exporter of semiconductor devices in the world. Malaysia has unveiled plan to target over US$100 billion in investment for its semiconductor industry as it positions itself as a global manufacturing hub. 
By mid-2024, the country attracted large foreign direct investment centered on the global artificial intelligence boom with foreign technology companies like Google, Microsoft and ByteDance flocked to the country and invested US$2 billion, US$2.2 billion, and US$2.1 billion, respectively, to capitalise on Malaysia's competitive advantage in the data center and hyperscale construction due to its highly educated workforce, cheap land acquisition, low water and electricity cost, and the absence of natural disasters. This is expected to consolidate Malaysia position as a cloud computing hub for wider Asia, increasing its high value sector and propel its economy to meet the government high-income economy goal.
Overall, the Malaysian economy is highly robust and diversified with the export value of high-tech products in 2022 standing around US$66 billion, the third highest in ASEAN. Malaysia exports the second largest volume and value of palm oil products globally, after Indonesia.
Malaysians enjoy a relatively affluent lifestyle compared to many of its neighbours in Southeast Asia. This is due to a fast-growing export-oriented economy, a relatively low national income tax, highly affordable local food and transport fuel, as well as a fully subsidized single-payer public healthcare system. Malaysia has a newly industrialised market economy, which is relatively open and state-oriented.",https://en.wikipedia.org/wiki/Economy_of_Malaysia
Economy,Economy of Algeria,"The economy of Algeria deals with Algeria's current and structural economic situation. Currently Algeria has a mixed economy. Since independence in 1962, Algeria has launched major economic projects to build up a dense industrial base. However, despite these major achievements (roads, freeways, universities, hospitals, factories, housing, metro and tramway systems, etc.), the Algerian economy has gone through various stages of turbulence.
In the 1980s, the Algerian economy experienced major difficulties. The oil counter-shock of 1986 dealt a heavy blow to a virtually rentier economy, during the period of anti-scarcity and stabilization plans. In the early 1990s, Algeria embarked on a series of structural reforms, making the transition to a market economy a reality.
In 2012, the Algerian economy remains highly dependent on hydrocarbon rents, which represent the country's main source of revenue, without having succeeded in diversifying and establishing internationally competitive industrialization.
The 2017 report on Algeria by business intelligence and consultancy firm Oxford Business Group (OGB), highlights the efforts devoted by the country to strengthening and diversifying its economy against the backdrop of falling oil prices. The report highlights the growing contribution of the private sector to GDP, in particular the role of small and medium-sized enterprises (SMEs) supported by new measures; as well as the financial services sector, which has seen positive developments such as the introduction of online payments.
Despite the efforts made, the country still faces a number of short-term problems, including the need to diversify the economy, strengthen political, economic and financial reforms, improve the business climate and reduce social inequality between regions, in order to achieve better economic growth. Algeria has the triple leverage of energy, mining and agriculture to contribute, in the long term, to containing the supply crises in energy, rare earths (minerals useful for technology) and food.
Published in 2023, the World Bank's report on the Algerian economy calls for the acceleration of institutional and micro-economic reforms, and paints a positive picture for the country's economy. The World Bank notes that the promulgation in 2022 of the new investment law and the publication of its implementing regulations, the abolition in 2020 of the 51/49 rule for non-strategic sectors, and the publication of the new hydrocarbons law in 2019 are positive steps, but must tackle the ecosystem, including paralyzing bureaucracy, with greater visibility in socio-economic policy.
Continued implementation of government structural reform programs, creating greater openness to the private sector, improving the economy’s competitiveness, and strengthening investment in human capital are all essential to the flourishing and resilience of the Algerian economy.",https://en.wikipedia.org/wiki/Economy_of_Algeria
Economy,Economy of Indonesia,"The economy of Indonesia is a mixed economy with dirigiste characteristics, and it is one of the emerging market economies in the world and the largest in Southeast Asia. As an upper-middle income country and member of the G20, Indonesia is classified as a newly industrialized country. Indonesia nominal GDP reached 22.139 quadrillion rupiah in 2024, it is the 16th largest economy in the world by nominal GDP and the 7th largest in terms of GDP (PPP). Indonesia's internet economy reached US$77 billion in 2022, and is expected to cross the US$130 billion mark by 2025. Indonesia depends on the domestic market and government budget spending and its ownership of state-owned enterprises (the central government owns 141 enterprises). The administration of prices of a range of basic goods (including rice and electricity) also plays a significant role in Indonesia's market economy. However, a mix of micro, medium and small companies contribute around 61.7% of the economy and significant major private-owned companies and foreign companies are also present.
In the aftermath of the 1997 Asian financial crisis, the government took custody of a significant portion of private sector assets through the acquisition of nonperforming bank loans and corporate assets through the debt restructuring process, and the companies in custody were sold for privatization several years later. Since 1999, the economy has recovered, and growth accelerated to over 4–6% in the early 2000s. In 2012, Indonesia was the second fastest-growing G20 economy, behind China, and the annual growth rate fluctuated around 5% in the following years.  Indonesia faced a recession in 2020 when the economic growth collapsed to −2.07% due to the COVID-19 pandemic, its worst economic performance since the 1997 crisis.
In 2022, gross domestic product expanded by 5.31%, due to the removal of COVID-19 restrictions as well as record-high exports driven by stronger commodity prices.
Indonesia is predicted to be the 4th largest economy in the world by 2045. Joko Widodo (Jokowi) has stated that his cabinet's calculations showed that by 2045, Indonesia will have a population of 309 million people. By Jokowi's estimate, there would be economic growth of 5−6% and GDP of US$9.1 trillion. Indonesia's GDP per capita is expected to reach US$29,000.

",https://en.wikipedia.org/wiki/Economy_of_Indonesia
Economy,Economy of the Philippines,"The economy of the Philippines is an emerging market, and considered as a newly industrialized country in the Asia-Pacific region. In 2025, the Philippine economy is estimated to be at ₱28.50 trillion ($497.5 billion), making it the world's 32nd largest by nominal GDP and 9th largest in Asia according to the International Monetary Fund.
The Philippine economy is a service-oriented economy, with relatively more modest contributions from the manufacturing and agriculture sectors. It has experienced significant economic growth and transformation in the past, posting one of the highest GDP growth rates in Asia. With an average annual growth rate of around 6 percent since 2010, the country has emerged as one of the fastest-growing economies in the world. The Philippines is a founding member of the United Nations, Association of Southeast Asian Nations, Asia-Pacific Economic Cooperation, East Asia Summit and the World Trade Organization. The Asian Development Bank (ADB) is headquartered in the Ortigas Center located in the city of Mandaluyong, Metro Manila.
The country's primary exports include semiconductors and electronic products, transport equipment, garments, chemical products, copper, nickel, abaca, coconut oil, and fruits. Its major trading partners include Japan, China, the United States, Singapore, South Korea, the Netherlands, Hong Kong, Germany, Taiwan, and Thailand.
In 2017, the Philippine economy was projected to become the 9th largest in Asia and 19th largest in the world by 2050. By 2035, the Filipino economy is predicted to be the 22nd largest in the world.
The Philippines has been named as one of the Tiger Cub Economies, alongside Indonesia, Malaysia, Vietnam, and Thailand. However, major problems remain, mainly related to alleviating the wide income and growth disparities between the country's different regions and socioeconomic classes, reducing corruption, and investing in the infrastructure necessary to ensure future growth.
In 2024, the World Economic Forum chief Børge Brende said  that “there is a real opportunity for this country to become a $2-trillion economy.”",https://en.wikipedia.org/wiki/Economy_of_the_Philippines
Economy,Knowledge economy,"The knowledge economy, or knowledge-based economy, is an economic system in which the production of goods and services is based principally on knowledge-intensive activities that contribute to advancement in technical and scientific innovation. The key element of value is the greater dependence on human capital and intellectual property as the source of innovative ideas, information, and practices. Organisations are required to capitalise on this ""knowledge"" in their production to stimulate and deepen the business development process. There is less reliance on physical input and natural resources. A knowledge-based economy relies on the crucial role of intangible assets within the organisations' settings in facilitating modern economic growth.

",https://en.wikipedia.org/wiki/Knowledge_economy
Economy,Economy of Sweden,"The economy of Sweden is a highly developed export-oriented economy, aided by timber, hydropower, and iron ore. These constitute the resource base of an economy oriented toward foreign trade. The main industries include motor vehicles, telecommunications, pharmaceuticals, industrial machines, precision equipment, chemical goods, home goods and appliances, forestry, iron, and steel. Traditionally, Sweden relied on a modern agricultural economy that employed over half the domestic workforce. Today, Sweden further develops engineering, mine, steel, and pulp industries, which are competitive internationally, as evidenced by companies such as Ericsson, ASEA/ABB, SKF, Alfa Laval, AGA, and Dyno Nobel.
Sweden is a competitive open mixed economy. The vast majority of Swedish enterprises are privately owned and market-oriented. There is also a strong welfare state, with public-sector spending accounting up to three-fifths of GDP. In 2014, the percent of national wealth owned by the government was 24%.
Due to Sweden being one of the neutral powers during World War II, it did not have to rebuild its economic base, the banking system, and country as a whole, as did many other European countries. Sweden has achieved a high standard of living under a mixed system of high-tech capitalism and extensive welfare benefits. Sweden has the second highest total tax revenue behind Denmark, as a share of the country's income. As of 2012, the total tax revenue was 44.2% of GDP, down from 48.3% in 2006.
In 2014 the National Institute of Economic research predicted GDP growth of 1.8%, 3.1% and 3.4% in 2014, 2015 and 2016 respectively. A comparison of upcoming economic growth rates of European Union countries revealed that the Baltic states, Poland, and Slovakia are the only countries that are expected to keep comparable or higher growth rates.

",https://en.wikipedia.org/wiki/Economy_of_Sweden
Economy,Economy of Bangladesh,"The economy of Bangladesh is a major developing mixed economy. As the second-largest economy in South Asia, Bangladesh's economy is the 35th largest in the world in nominal terms, and 25th largest by purchasing power parity. Bangladesh is seen by various financial institutions as one of the Next Eleven. It has been transitioning from being a frontier market into an emerging market. Bangladesh is a member of the South Asian Free Trade Area and the World Trade Organization. In fiscal year 2021–2022, Bangladesh registered a GDP growth rate of 7.2% after the global pandemic. Bangladesh is one of the fastest growing economies in the world.
Industrialisation in Bangladesh received a strong impetus after the partition of India due to labour reforms and new industries. Between 1947 and 1971, East Bengal generated between 70% and 50% of Pakistan's exports. Modern Bangladesh embarked on economic reforms in the late 1970s which promoted free markets and foreign direct investment. By the 1990s, the country had a booming ready-made garments industry. As of 16 March 2024, Bangladesh has the highest number of green garment factories in the world with Leadership in Energy and Environmental Design (LEED) certification from the United States Green Building Council (USGBC), where 80 are platinum-rated, 119 are gold-rated, 10 are silver, and four are without any rating. As of 6 March 2024, Bangladesh is home to 54 of the top 100 LEED Green Garment Factories globally, including 9 out of the top 10, and 18 out of the top 20. As of 27 April 2024, Bangladesh has a growing pharmaceutical industry with 12 percent average annual growth rate. Bangladesh is the only nation among the 48 least-developed countries that is almost self-sufficient when it comes to medicine production as local companies meet 98 percent of the domestic demand for pharmaceuticals. Remittances from the large Bangladeshi diaspora became a vital source of foreign exchange reserves. Agriculture in Bangladesh is supported by government subsidies and ensures self-sufficiency in food production. Bangladesh has pursued export-oriented industrialisation.
Bangladesh experienced robust growth after the pandemic with macroeconomic stability, improvements in infrastructure, a growing digital economy, and growing trade flows. Tax collection remains very low, with tax revenues accounting for only 7.7% of GDP. Bangladesh's banking sector has a large amount of non-performing loans or loan defaults, which have caused a lot of concern. The private sector makes up 80% of GDP. The Dhaka Stock Exchange and Chittagong Stock Exchange are the two stock markets of the country. Most Bangladeshi businesses are privately owned small and medium-sized enterprises (SME) which make up 90% of all businesses.

",https://en.wikipedia.org/wiki/Economy_of_Bangladesh
Economy,Economy of Egypt,"The economy of Egypt is a developing, mixed economy, combining private enterprise with centralized economic planning and government regulation. It is the second-largest economy in Africa, and 41st in worldwide ranking as of 2025. Egypt is a major emerging market economy and a member of the African Union, BRICS, and a signatory to the African Continental Free Trade Area (AfCFTA). The country is witnessing a period of economic recovery after facing serious financial challenges.
The Egyptian economy has been bolstered by a series of reforms under its sustainable development strategy Egypt Vision 2030, including a dramatic currency flotation in 2024 that led to a 38% depreciation of Egyptian pound against the dollar after securing over $50 billion in international financing. These actions, alongside strategic agreements with global partners such as the IMF, World Bank, the European Union, and the Gulf States, have contributed to an improved credit outlook.
Since the 2000s,  structural reforms (including fiscal and monetary policies, taxation, privatization and new business legislation) helped Egypt move towards a more market-oriented economy and increased foreign investment. The reforms and policies  strengthened macroeconomic annual growth results and helped to address the country's serious unemployment and poverty rates.
Despite facing significant challenges, especially external shocks such as the global economic impacts of the Ukraine conflict and regional instability, Egypt's economy remains resilient. The government's efforts to engage with international financial markets and stabilize the economy have paved the way for continued growth and further economic integration within the broader African and global markets. The country benefits from political stability; its proximity to Europe, and increased exports.

",https://en.wikipedia.org/wiki/Economy_of_Egypt
Economy,Socialism,"Socialism is an economic and political philosophy encompassing diverse economic and social systems characterised by social ownership of the means of production, as opposed to private ownership. It describes the economic, political, and social theories and movements associated with the implementation of such systems. Social ownership can take various forms, including public, community, collective, cooperative, or employee. As one of the main ideologies on the political spectrum, socialism is the standard left-wing ideology in most countries. Types of socialism vary based on the role of markets and planning in resource allocation, and the structure of management in organizations.
Socialist systems divide into non-market and market forms. A non-market socialist system seeks to eliminate the perceived inefficiencies, irrationalities, unpredictability, and crises that socialists traditionally associate with capital accumulation and the profit system. Market socialism retains the use of monetary prices, factor markets and sometimes the profit motive. As a political force, socialist parties and ideas exercise varying degrees of power and influence, heading national governments in several countries. Socialist politics have been internationalist and nationalist; organised through political parties and opposed to party politics; at times overlapping with trade unions and other times independent and critical of them, and present in industrialised and developing nations. Social democracy originated within the socialist movement, supporting economic and social interventions to promote social justice. While retaining socialism as a long-term goal, in the post-war period social democracy embraced a mixed economy based on Keynesianism within a predominantly developed capitalist market economy and liberal democratic polity that expands state intervention to include income redistribution, regulation, and a welfare state.
The socialist political movement includes political philosophies that originated in the revolutionary movements of the mid-to-late 18th century and out of concern for the social problems that socialists associated with capitalism. By the late 19th century, after the work of Karl Marx and his collaborator Friedrich Engels, socialism had come to signify anti-capitalism and advocacy for a post-capitalist system based on some form of social ownership of the means of production. By the early 1920s, communism and social democracy had become the two dominant political tendencies within the international socialist movement, with socialism itself becoming the most influential secular movement of the 20th century. Many socialists also adopted the causes of other social movements, such as feminism, environmentalism, and progressivism.
Although the emergence of the Soviet Union as the world's first socialist state led to widespread association of socialism with the Soviet economic model, it has since shifted in favour of democratic socialism. Academics sometimes recognised the mixed economies of several Western European and Nordic countries as ""democratic socialist"", although the system of these countries, with only limited social ownership (generally in the form of state ownership), is more usually described as social democracy. Following the revolutions of 1989, many of these countries moved away from socialism as a neoliberal consensus replaced the social democratic consensus in the advanced capitalist world. In parallel, many former socialist politicians and political parties embraced ""Third Way"" politics, remaining committed to equality and welfare while abandoning public ownership and class-based politics. Socialism experienced a resurgence in popularity in the 2010s.

",https://en.wikipedia.org/wiki/Socialism
